日付,拠点,工程,シフト,チーム,生産数量,日次生産量 (t),生産効率 (%),歩留まり (%),品質不良率 (%),平均スキル予測値,従業員数,技術力_平均,安全意識_平均,品質意識_平均,チームワーク_平均,改善提案力_平均
2025-01-01,日本 (JP),加工,日勤,Aチーム,1014,910.8,91.9,99.9,0.1,3.99,12,3.92,3.77,4.05,3.72,4.16
2025-01-01,日本 (JP),加工,夜勤,Bチーム,952,1501.4,97.7,99.49,0.51,4.52,13,4.44,4.59,4.38,4.4,4.41
2025-01-01,日本 (JP),組立,日勤,Aチーム,854,1976.5,93.2,99.9,0.1,4.09,13,3.91,4.16,3.96,3.83,4.45
2025-01-01,日本 (JP),組立,夜勤,Bチーム,752,2256.2,96.1,99.9,0.1,4.56,11,4.6,4.76,4.42,4.49,4.3
2025-01-01,日本 (JP),検査,日勤,Aチーム,1059,2392.8,91.9,99.9,0.1,4.48,6,4.59,4.75,4.64,4.54,4.82
2025-01-01,日本 (JP),検査,夜勤,Bチーム,1037,1354.6,83.9,98.9,1.1,3.42,9,3.45,3.69,3.46,3.28,3.25
2025-01-01,拠点A (IN),加工,日勤,Aチーム,928,2146.9,85.2,98.31,1.69,2.75,12,2.55,2.94,2.83,2.89,2.96
2025-01-01,拠点A (IN),加工,夜勤,Bチーム,834,547.5,83.7,97.65,2.35,2.41,12,2.39,2.17,2.36,2.51,2.54
2025-01-01,拠点A (IN),組立,日勤,Aチーム,1026,1940.1,83.5,98.93,1.07,3.39,7,3.49,3.42,3.5,3.38,3.41
2025-01-01,拠点A (IN),組立,夜勤,Bチーム,751,1350.2,85.9,98.0,2.0,2.94,8,3.1,2.79,2.91,3.09,2.72
2025-01-01,拠点A (IN),検査,日勤,Aチーム,865,1726.0,84.0,98.38,1.62,2.62,13,2.46,2.59,2.5,2.57,2.92
2025-01-01,拠点A (IN),検査,夜勤,Bチーム,889,1635.7,83.6,97.94,2.06,2.79,13,2.85,2.49,2.73,2.67,2.52
2025-01-01,拠点B (BR),加工,日勤,Aチーム,1033,1088.6,86.9,98.14,1.86,3.1,12,3.28,3.0,3.11,3.22,2.99
2025-01-01,拠点B (BR),加工,夜勤,Bチーム,812,1211.8,89.2,99.34,0.66,3.56,5,3.75,3.5,3.37,3.46,3.67
2025-01-01,拠点B (BR),組立,日勤,Aチーム,997,1869.6,92.7,99.73,0.27,3.32,11,3.39,3.48,3.22,3.46,3.22
2025-01-01,拠点B (BR),組立,夜勤,Bチーム,939,2448.0,93.8,97.98,2.02,3.05,5,2.91,3.05,3.13,3.26,2.91
2025-01-01,拠点B (BR),検査,日勤,Aチーム,947,1845.4,87.3,97.89,2.11,2.63,8,2.81,2.57,2.64,2.83,2.77
2025-01-01,拠点B (BR),検査,夜勤,Bチーム,997,2007.2,83.5,98.28,1.72,3.2,11,3.27,3.39,3.22,3.22,3.0
2025-01-01,拠点C (VN),加工,日勤,Aチーム,898,1671.6,87.9,98.23,1.77,2.33,7,2.47,2.27,2.49,2.54,2.68
2025-01-01,拠点C (VN),加工,夜勤,Bチーム,811,1836.1,92.8,97.96,2.04,3.1,7,3.29,2.97,3.02,3.09,3.06
2025-01-01,拠点C (VN),組立,日勤,Aチーム,1183,1950.3,89.3,99.71,0.29,3.59,11,3.68,3.48,3.61,3.6,3.7
2025-01-01,拠点C (VN),組立,夜勤,Bチーム,750,2298.8,84.6,97.23,2.77,2.35,12,2.4,2.53,2.35,2.4,2.34
2025-01-01,拠点C (VN),検査,日勤,Aチーム,834,1362.9,87.8,98.26,1.74,2.47,5,2.29,2.77,2.46,2.34,2.78
2025-01-01,拠点C (VN),検査,夜勤,Bチーム,1001,618.4,88.2,98.19,1.81,3.05,7,3.24,2.79,2.97,2.86,2.86
2025-01-02,日本 (JP),加工,日勤,Bチーム,853,1203.9,86.7,99.9,0.1,4.13,7,4.16,3.89,4.18,4.42,3.84
2025-01-02,日本 (JP),加工,夜勤,Cチーム,1092,815.6,92.6,99.16,0.84,3.97,11,3.89,4.16,4.1,4.19,4.3
2025-01-02,日本 (JP),組立,日勤,Bチーム,1120,1018.5,91.7,99.57,0.43,4.16,7,4.1,4.09,4.0,4.21,3.79
2025-01-02,日本 (JP),組立,夜勤,Cチーム,1013,3083.2,91.7,99.72,0.28,3.91,8,3.72,3.79,3.92,3.8,4.17
2025-01-02,日本 (JP),検査,日勤,Bチーム,1061,1473.1,92.0,99.64,0.36,3.85,8,3.82,3.97,3.71,3.63,4.23
2025-01-02,日本 (JP),検査,夜勤,Cチーム,974,1811.5,90.5,99.61,0.39,4.23,11,4.13,4.04,4.06,4.19,4.38
2025-01-02,拠点A (IN),加工,日勤,Bチーム,895,1341.4,87.8,98.14,1.86,2.59,13,2.65,2.46,2.77,2.73,2.63
2025-01-02,拠点A (IN),加工,夜勤,Cチーム,843,1411.5,86.4,98.82,1.18,3.22,10,3.02,2.99,3.04,2.94,3.5
2025-01-02,拠点A (IN),組立,日勤,Bチーム,1140,1061.7,89.0,99.54,0.46,3.56,8,3.42,3.52,3.51,3.62,3.66
2025-01-02,拠点A (IN),組立,夜勤,Cチーム,795,1172.0,80.2,96.91,3.09,2.37,9,2.44,2.44,2.55,2.63,2.66
2025-01-02,拠点A (IN),検査,日勤,Bチーム,962,2900.4,91.9,98.96,1.04,3.45,5,3.44,3.48,3.63,3.39,3.82
2025-01-02,拠点A (IN),検査,夜勤,Cチーム,1036,607.6,87.8,98.81,1.19,3.66,12,3.61,3.77,3.59,3.51,3.65
2025-01-02,拠点B (BR),加工,日勤,Bチーム,1175,1188.5,87.8,98.85,1.15,3.34,9,3.53,3.37,3.31,3.38,3.4
2025-01-02,拠点B (BR),加工,夜勤,Cチーム,795,2054.7,86.1,98.45,1.55,3.2,11,3.37,3.41,3.17,3.35,3.4
2025-01-02,拠点B (BR),組立,日勤,Bチーム,1167,971.3,87.6,97.94,2.06,2.45,10,2.37,2.21,2.28,2.73,2.73
2025-01-02,拠点B (BR),組立,夜勤,Cチーム,751,1115.7,86.3,97.63,2.37,2.63,14,2.69,2.6,2.55,2.53,2.77
2025-01-02,拠点B (BR),検査,日勤,Bチーム,908,1542.6,90.6,98.93,1.07,3.43,14,3.25,3.46,3.41,3.66,3.31
2025-01-02,拠点B (BR),検査,夜勤,Cチーム,952,1542.0,82.4,97.11,2.89,2.28,12,2.1,2.47,2.36,2.02,1.94
2025-01-02,拠点C (VN),加工,日勤,Bチーム,944,1026.4,85.1,99.73,0.27,3.58,11,3.78,3.73,3.53,3.33,3.8
2025-01-02,拠点C (VN),加工,夜勤,Cチーム,738,575.5,85.6,97.58,2.42,2.78,6,2.77,2.52,2.63,2.55,2.9
2025-01-02,拠点C (VN),組立,日勤,Bチーム,990,1927.2,88.2,98.75,1.25,3.24,5,3.08,3.26,3.22,3.43,3.63
2025-01-02,拠点C (VN),組立,夜勤,Cチーム,912,600.7,85.8,97.91,2.09,2.78,9,2.68,2.9,2.61,2.58,2.55
2025-01-02,拠点C (VN),検査,日勤,Bチーム,811,1524.0,83.3,97.7,2.3,2.61,12,2.57,2.38,2.55,2.41,2.73
2025-01-02,拠点C (VN),検査,夜勤,Cチーム,1056,436.7,82.5,97.78,2.22,2.54,8,2.74,2.66,2.56,2.43,2.79
2025-01-03,日本 (JP),加工,日勤,Cチーム,809,1527.9,97.0,99.9,0.1,4.39,6,4.41,4.19,4.35,4.56,4.37
2025-01-03,日本 (JP),加工,夜勤,Aチーム,916,1444.8,91.3,99.59,0.41,4.58,5,4.57,4.53,4.49,4.31,4.87
2025-01-03,日本 (JP),組立,日勤,Cチーム,964,1469.4,94.2,99.9,0.1,4.56,14,4.51,4.4,4.44,4.41,4.38
2025-01-03,日本 (JP),組立,夜勤,Aチーム,733,2678.7,90.8,98.68,1.32,3.57,12,3.38,3.57,3.56,3.77,3.42
2025-01-03,日本 (JP),検査,日勤,Cチーム,1054,2123.9,97.3,99.9,0.1,4.56,9,4.62,4.74,4.72,4.63,4.95
2025-01-03,日本 (JP),検査,夜勤,Aチーム,1007,836.3,97.5,99.16,0.84,4.09,10,4.07,4.34,4.01,4.1,4.25
2025-01-03,拠点A (IN),加工,日勤,Cチーム,1072,2467.5,89.3,99.07,0.93,3.69,12,3.51,3.77,3.63,3.52,3.76
2025-01-03,拠点A (IN),加工,夜勤,Aチーム,1035,2278.6,92.3,98.53,1.47,2.81,10,2.89,2.62,2.89,2.76,3.11
2025-01-03,拠点A (IN),組立,日勤,Cチーム,850,1458.6,89.2,98.9,1.1,3.27,6,3.18,3.08,3.11,3.05,3.24
2025-01-03,拠点A (IN),組立,夜勤,Aチーム,1000,2298.0,78.6,97.61,2.39,2.61,13,2.68,2.62,2.47,2.54,2.21
2025-01-03,拠点A (IN),検査,日勤,Cチーム,979,850.5,87.9,99.51,0.49,3.8,12,3.8,3.87,3.75,3.78,4.0
2025-01-03,拠点A (IN),検査,夜勤,Aチーム,810,1093.3,81.5,97.07,2.93,2.36,6,2.33,2.37,2.25,2.22,2.26
2025-01-03,拠点B (BR),加工,日勤,Cチーム,925,793.6,82.4,98.11,1.89,2.33,5,2.27,2.31,2.27,2.42,2.31
2025-01-03,拠点B (BR),加工,夜勤,Aチーム,1068,2660.7,91.8,97.95,2.05,2.98,9,2.92,3.06,3.0,2.89,3.37
2025-01-03,拠点B (BR),組立,日勤,Cチーム,997,1982.3,87.1,98.96,1.04,3.21,11,3.2,3.42,3.04,3.39,2.85
2025-01-03,拠点B (BR),組立,夜勤,Aチーム,774,489.3,91.2,98.48,1.52,3.36,10,3.55,3.36,3.45,3.56,3.54
2025-01-03,拠点B (BR),検査,日勤,Cチーム,932,2644.6,87.2,98.35,1.65,3.1,14,3.03,3.06,3.11,2.95,2.79
2025-01-03,拠点B (BR),検査,夜勤,Aチーム,838,2281.4,82.1,97.93,2.07,3.02,7,2.84,2.92,2.87,2.75,3.41
2025-01-03,拠点C (VN),加工,日勤,Cチーム,900,2387.8,87.9,98.36,1.64,2.65,5,2.5,2.64,2.69,2.83,2.34
2025-01-03,拠点C (VN),加工,夜勤,Aチーム,1072,820.9,92.3,98.5,1.5,3.19,13,3.07,3.12,3.36,3.32,2.83
2025-01-03,拠点C (VN),組立,日勤,Cチーム,1115,1739.3,90.3,98.79,1.21,3.29,9,3.17,3.14,3.35,3.54,3.15
2025-01-03,拠点C (VN),組立,夜勤,Aチーム,803,2567.4,92.0,98.04,1.96,2.82,5,2.92,2.83,2.72,3.06,2.73
2025-01-03,拠点C (VN),検査,日勤,Cチーム,997,1935.2,89.2,98.48,1.52,2.96,7,3.01,2.86,2.82,3.14,3.06
2025-01-03,拠点C (VN),検査,夜勤,Aチーム,737,1376.0,86.7,97.74,2.26,2.75,9,2.86,2.53,2.63,2.88,2.74
2025-01-04,日本 (JP),加工,日勤,Aチーム,1102,3319.5,90.1,99.9,0.1,4.48,12,4.52,4.48,4.5,4.47,4.41
2025-01-04,日本 (JP),加工,夜勤,Bチーム,991,1500.8,91.8,99.66,0.34,4.3,9,4.43,4.58,4.24,4.14,4.24
2025-01-04,日本 (JP),組立,日勤,Aチーム,903,1595.1,91.1,99.42,0.58,3.87,5,3.68,4.1,4.05,3.91,4.03
2025-01-04,日本 (JP),組立,夜勤,Bチーム,791,2913.2,94.4,99.9,0.1,4.5,10,4.33,4.26,4.64,4.75,4.2
2025-01-04,日本 (JP),検査,日勤,Aチーム,1112,2498.4,88.9,99.69,0.31,3.81,10,3.81,3.86,3.77,3.54,3.67
2025-01-04,日本 (JP),検査,夜勤,Bチーム,774,1034.3,85.4,99.46,0.54,4.34,11,4.28,4.49,4.32,4.18,4.31
2025-01-04,拠点A (IN),加工,日勤,Aチーム,997,2003.7,81.9,98.26,1.74,2.71,5,2.66,2.76,2.76,2.42,2.84
2025-01-04,拠点A (IN),加工,夜勤,Bチーム,888,1531.7,84.8,97.82,2.18,2.57,5,2.49,2.45,2.53,2.52,2.81
2025-01-04,拠点A (IN),組立,日勤,Aチーム,1085,2320.9,85.4,97.95,2.05,3.02,5,3.13,3.0,3.03,2.99,2.94
2025-01-04,拠点A (IN),組立,夜勤,Bチーム,754,1205.3,86.4,98.37,1.63,3.14,14,3.05,3.23,3.1,2.85,2.86
2025-01-04,拠点A (IN),検査,日勤,Aチーム,1046,2392.9,89.4,99.32,0.68,3.57,12,3.45,3.58,3.61,3.48,3.63
2025-01-04,拠点A (IN),検査,夜勤,Bチーム,990,2712.3,90.8,98.34,1.66,3.63,12,3.72,3.84,3.76,3.57,3.77
2025-01-04,拠点B (BR),加工,日勤,Aチーム,806,681.0,84.5,97.95,2.05,2.61,11,2.7,2.82,2.46,2.83,2.72
2025-01-04,拠点B (BR),加工,夜勤,Bチーム,710,1159.3,89.9,98.22,1.78,3.16,6,3.1,2.88,3.29,3.06,3.37
2025-01-04,拠点B (BR),組立,日勤,Aチーム,1141,1639.5,87.8,98.52,1.48,2.84,12,2.69,2.88,3.04,2.83,2.59
2025-01-04,拠点B (BR),組立,夜勤,Bチーム,936,1561.2,86.6,97.38,2.62,2.83,11,2.71,2.91,2.8,2.61,3.15
2025-01-04,拠点B (BR),検査,日勤,Aチーム,927,2504.5,90.0,98.72,1.28,3.34,8,3.34,3.08,3.3,3.34,3.51
2025-01-04,拠点B (BR),検査,夜勤,Bチーム,986,861.0,82.1,97.34,2.66,2.26,12,2.16,2.34,2.26,2.3,2.53
2025-01-04,拠点C (VN),加工,日勤,Aチーム,929,2000.8,90.4,98.44,1.56,2.77,5,2.6,2.83,2.66,2.7,2.6
2025-01-04,拠点C (VN),加工,夜勤,Bチーム,926,1465.6,88.2,97.79,2.21,2.5,6,2.46,2.77,2.35,2.49,2.31
2025-01-04,拠点C (VN),組立,日勤,Aチーム,1136,770.0,86.0,98.46,1.54,2.96,6,3.01,2.94,2.89,2.87,2.89
2025-01-04,拠点C (VN),組立,夜勤,Bチーム,990,565.3,93.9,98.37,1.63,2.99,6,3.11,3.1,2.9,3.04,2.88
2025-01-04,拠点C (VN),検査,日勤,Aチーム,1102,391.2,86.2,97.82,2.18,2.33,12,2.43,2.41,2.43,2.46,2.44
2025-01-04,拠点C (VN),検査,夜勤,Bチーム,758,962.9,90.7,98.47,1.53,3.37,14,3.19,3.5,3.54,3.18,3.43
2025-01-05,日本 (JP),加工,日勤,Bチーム,1114,1517.8,93.1,99.9,0.1,4.69,6,4.79,4.42,4.67,4.7,4.81
2025-01-05,日本 (JP),加工,夜勤,Cチーム,1000,1830.2,85.5,99.2,0.8,4.15,7,4.22,4.05,4.24,3.88,4.0
2025-01-05,日本 (JP),組立,日勤,Bチーム,1009,587.2,94.9,99.9,0.1,4.2,14,4.35,4.15,4.19,4.5,3.8
2025-01-05,日本 (JP),組立,夜勤,Cチーム,1078,1323.8,88.6,98.56,1.44,3.54,8,3.36,3.29,3.36,3.53,3.61
2025-01-05,日本 (JP),検査,日勤,Bチーム,1158,898.3,89.8,99.87,0.13,3.85,9,3.95,3.56,3.84,3.73,4.14
2025-01-05,日本 (JP),検査,夜勤,Cチーム,772,1029.1,93.8,99.9,0.1,4.23,5,4.19,4.0,4.41,4.41,4.04
2025-01-05,拠点A (IN),加工,日勤,Bチーム,1025,1241.2,89.2,98.81,1.19,3.38,12,3.56,3.47,3.43,3.39,3.17
2025-01-05,拠点A (IN),加工,夜勤,Cチーム,958,1960.0,83.6,97.76,2.24,2.56,10,2.69,2.64,2.45,2.58,2.64
2025-01-05,拠点A (IN),組立,日勤,Bチーム,1137,2498.1,83.0,98.91,1.09,3.29,5,3.15,3.48,3.18,3.12,3.32
2025-01-05,拠点A (IN),組立,夜勤,Cチーム,804,1360.9,88.3,98.58,1.42,3.19,7,3.1,3.18,3.01,3.4,2.82
2025-01-05,拠点A (IN),検査,日勤,Bチーム,1025,1332.8,87.7,98.55,1.45,2.99,10,2.9,3.13,2.99,2.74,2.77
2025-01-05,拠点A (IN),検査,夜勤,Cチーム,1048,2568.8,85.7,99.53,0.47,3.32,14,3.35,3.42,3.34,3.54,3.51
2025-01-05,拠点B (BR),加工,日勤,Bチーム,858,2019.7,89.0,98.81,1.19,3.08,13,3.25,2.85,3.16,2.9,3.39
2025-01-05,拠点B (BR),加工,夜勤,Cチーム,1093,2934.4,88.9,98.44,1.56,3.54,9,3.64,3.34,3.67,3.74,3.55
2025-01-05,拠点B (BR),組立,日勤,Bチーム,912,1337.9,79.8,97.53,2.47,2.31,5,2.16,2.24,2.11,2.5,2.01
2025-01-05,拠点B (BR),組立,夜勤,Cチーム,1018,1557.7,84.1,97.54,2.46,2.53,9,2.37,2.79,2.6,2.27,2.37
2025-01-05,拠点B (BR),検査,日勤,Bチーム,992,506.6,86.3,98.99,1.01,3.36,14,3.19,3.57,3.56,3.47,3.32
2025-01-05,拠点B (BR),検査,夜勤,Cチーム,728,1285.5,91.4,98.7,1.3,3.07,5,3.0,3.06,3.18,3.18,3.03
2025-01-05,拠点C (VN),加工,日勤,Bチーム,1174,2208.1,84.8,98.47,1.53,2.58,8,2.72,2.75,2.48,2.36,2.88
2025-01-05,拠点C (VN),加工,夜勤,Cチーム,757,1389.6,86.7,99.07,0.93,3.35,6,3.23,3.07,3.41,3.27,3.64
2025-01-05,拠点C (VN),組立,日勤,Bチーム,878,1352.4,87.8,98.33,1.67,2.86,6,2.97,2.94,2.71,2.58,3.2
2025-01-05,拠点C (VN),組立,夜勤,Cチーム,905,1535.0,90.8,97.96,2.04,2.86,8,2.84,2.68,2.86,2.6,2.93
2025-01-05,拠点C (VN),検査,日勤,Bチーム,1004,465.5,88.3,98.28,1.72,2.58,9,2.41,2.51,2.57,2.64,2.41
2025-01-05,拠点C (VN),検査,夜勤,Cチーム,1091,1143.3,88.3,97.96,2.04,2.97,10,3.07,2.76,2.81,3.02,2.59
2025-01-06,日本 (JP),加工,日勤,Cチーム,1041,2861.9,88.1,99.9,0.1,4.13,5,4.13,3.88,4.07,3.85,3.79
2025-01-06,日本 (JP),加工,夜勤,Aチーム,873,2837.7,87.1,99.02,0.98,3.82,6,3.94,3.54,3.88,4.09,3.52
2025-01-06,日本 (JP),組立,日勤,Cチーム,1022,2390.8,97.8,99.9,0.1,4.67,13,4.75,4.89,4.75,4.85,4.54
2025-01-06,日本 (JP),組立,夜勤,Aチーム,1082,1188.3,93.0,99.34,0.66,4.36,13,4.22,4.32,4.45,4.42,4.48
2025-01-06,日本 (JP),検査,日勤,Cチーム,1037,1331.5,94.7,99.9,0.1,4.12,12,4.27,4.08,3.94,3.92,3.74
2025-01-06,日本 (JP),検査,夜勤,Aチーム,758,2527.5,85.6,99.33,0.67,4.15,7,4.22,3.89,3.96,4.0,4.12
2025-01-06,拠点A (IN),加工,日勤,Cチーム,1092,1076.4,92.8,99.28,0.72,3.8,8,3.8,3.83,3.81,3.86,3.43
2025-01-06,拠点A (IN),加工,夜勤,Aチーム,961,697.7,91.5,97.52,2.48,2.89,14,3.09,2.76,2.84,2.82,2.87
2025-01-06,拠点A (IN),組立,日勤,Cチーム,899,1026.6,87.9,99.28,0.72,3.75,11,3.81,3.68,3.76,3.7,3.41
2025-01-06,拠点A (IN),組立,夜勤,Aチーム,713,893.8,84.3,98.11,1.89,2.96,11,2.9,3.01,2.82,2.89,3.33
2025-01-06,拠点A (IN),検査,日勤,Cチーム,963,702.0,90.0,98.85,1.15,2.89,11,2.87,2.73,2.72,2.69,2.9
2025-01-06,拠点A (IN),検査,夜勤,Aチーム,975,1979.7,89.9,97.94,2.06,2.81,5,2.71,2.72,2.76,2.87,2.69
2025-01-06,拠点B (BR),加工,日勤,Cチーム,1111,2486.9,90.3,98.51,1.49,3.1,10,2.98,2.87,3.01,2.83,3.13
2025-01-06,拠点B (BR),加工,夜勤,Aチーム,1024,1685.7,88.8,98.49,1.51,3.5,5,3.54,3.62,3.46,3.49,3.65
2025-01-06,拠点B (BR),組立,日勤,Cチーム,977,1085.1,85.8,98.25,1.75,2.33,10,2.18,2.04,2.25,2.45,2.09
2025-01-06,拠点B (BR),組立,夜勤,Aチーム,704,1860.7,93.2,98.42,1.58,3.11,10,3.01,3.21,3.3,3.03,2.72
2025-01-06,拠点B (BR),検査,日勤,Cチーム,1168,905.7,86.2,98.14,1.86,2.67,12,2.78,2.92,2.71,2.93,2.93
2025-01-06,拠点B (BR),検査,夜勤,Aチーム,891,988.2,90.2,98.78,1.22,3.1,13,3.25,3.4,3.2,2.85,2.93
2025-01-06,拠点C (VN),加工,日勤,Cチーム,931,1646.7,86.5,97.46,2.54,2.35,7,2.48,2.51,2.47,2.31,2.61
2025-01-06,拠点C (VN),加工,夜勤,Aチーム,842,887.7,83.7,97.15,2.85,2.17,9,2.12,2.2,2.21,2.2,2.12
2025-01-06,拠点C (VN),組立,日勤,Cチーム,1129,1087.1,84.8,98.02,1.98,2.22,13,2.17,2.44,2.23,2.21,1.84
2025-01-06,拠点C (VN),組立,夜勤,Aチーム,992,1800.3,80.0,97.89,2.11,2.48,11,2.6,2.61,2.66,2.19,2.23
2025-01-06,拠点C (VN),検査,日勤,Cチーム,1080,1726.9,84.7,97.43,2.57,2.21,7,2.03,2.47,2.15,1.97,2.2
2025-01-06,拠点C (VN),検査,夜勤,Aチーム,938,1296.0,81.1,97.63,2.37,2.36,7,2.39,2.11,2.45,2.3,2.74
2025-01-07,日本 (JP),加工,日勤,Aチーム,907,1896.3,93.5,99.9,0.1,4.57,11,4.49,4.75,4.44,4.82,4.51
2025-01-07,日本 (JP),加工,夜勤,Bチーム,872,1852.3,92.1,98.73,1.27,3.41,11,3.47,3.42,3.45,3.59,3.53
2025-01-07,日本 (JP),組立,日勤,Aチーム,951,1274.4,89.1,99.25,0.75,3.73,5,3.62,3.9,3.64,3.92,3.67
2025-01-07,日本 (JP),組立,夜勤,Bチーム,941,1224.2,89.3,99.43,0.57,4.17,5,4.26,4.39,4.05,3.93,3.79
2025-01-07,日本 (JP),検査,日勤,Aチーム,937,1713.0,98.0,99.9,0.1,4.33,13,4.33,4.63,4.19,4.45,4.26
2025-01-07,日本 (JP),検査,夜勤,Bチーム,979,1284.5,93.7,98.84,1.16,3.86,7,3.9,3.76,4.02,4.02,3.67
2025-01-07,拠点A (IN),加工,日勤,Aチーム,1152,2398.5,93.6,99.65,0.35,3.47,10,3.41,3.21,3.48,3.21,3.71
2025-01-07,拠点A (IN),加工,夜勤,Bチーム,749,469.8,85.9,97.37,2.63,2.65,10,2.54,2.62,2.53,2.38,2.55
2025-01-07,拠点A (IN),組立,日勤,Aチーム,915,1055.2,87.5,98.66,1.34,3.04,14,3.23,2.85,3.12,2.86,3.07
2025-01-07,拠点A (IN),組立,夜勤,Bチーム,844,1517.3,83.9,96.96,3.04,2.45,12,2.56,2.7,2.34,2.38,2.17
2025-01-07,拠点A (IN),検査,日勤,Aチーム,920,861.7,93.3,99.76,0.24,3.99,9,3.83,3.84,4.1,4.21,4.08
2025-01-07,拠点A (IN),検査,夜勤,Bチーム,936,1916.2,86.0,98.26,1.74,3.06,13,2.9,3.32,3.08,2.94,2.98
2025-01-07,拠点B (BR),加工,日勤,Aチーム,942,752.0,94.4,98.45,1.55,2.97,9,2.93,2.97,2.93,2.99,3.07
2025-01-07,拠点B (BR),加工,夜勤,Bチーム,766,1334.6,88.2,97.7,2.3,3.11,13,3.04,2.83,2.97,2.95,3.48
2025-01-07,拠点B (BR),組立,日勤,Aチーム,1052,1688.6,89.8,98.75,1.25,3.16,8,3.2,2.94,3.32,3.36,3.01
2025-01-07,拠点B (BR),組立,夜勤,Bチーム,1091,1471.5,92.1,98.58,1.42,3.53,13,3.42,3.28,3.64,3.3,3.6
2025-01-07,拠点B (BR),検査,日勤,Aチーム,1189,2481.6,91.7,99.56,0.44,3.7,6,3.76,3.5,3.53,3.87,3.67
2025-01-07,拠点B (BR),検査,夜勤,Bチーム,1028,1238.2,82.5,97.29,2.71,2.19,7,2.06,2.3,2.23,2.27,1.97
2025-01-07,拠点C (VN),加工,日勤,Aチーム,923,741.5,83.6,98.21,1.79,2.53,11,2.62,2.7,2.49,2.62,2.41
2025-01-07,拠点C (VN),加工,夜勤,Bチーム,785,854.8,85.7,98.18,1.82,2.74,11,2.7,2.72,2.54,2.59,2.94
2025-01-07,拠点C (VN),組立,日勤,Aチーム,1012,1953.0,85.1,98.31,1.69,2.39,6,2.44,2.21,2.22,2.12,2.29
2025-01-07,拠点C (VN),組立,夜勤,Bチーム,955,528.2,91.1,97.35,2.65,2.37,9,2.37,2.16,2.3,2.51,2.35
2025-01-07,拠点C (VN),検査,日勤,Aチーム,820,2488.4,79.1,98.53,1.47,2.73,5,2.91,2.9,2.65,2.84,2.68
2025-01-07,拠点C (VN),検査,夜勤,Bチーム,902,970.3,87.2,97.35,2.65,2.36,6,2.31,2.33,2.25,2.59,2.32
2025-01-08,日本 (JP),加工,日勤,Bチーム,999,720.5,93.4,99.9,0.1,4.65,5,4.48,4.39,4.45,4.92,4.84
2025-01-08,日本 (JP),加工,夜勤,Cチーム,1098,1823.9,86.1,99.31,0.69,3.76,11,3.87,3.67,3.72,3.79,4.02
2025-01-08,日本 (JP),組立,日勤,Bチーム,1167,1777.2,88.9,99.55,0.45,3.59,12,3.7,3.66,3.54,3.41,3.29
2025-01-08,日本 (JP),組立,夜勤,Cチーム,1077,692.1,95.1,99.23,0.77,4.1,6,4.03,3.87,4.09,3.87,4.09
2025-01-08,日本 (JP),検査,日勤,Bチーム,1025,1266.5,95.0,99.9,0.1,4.7,14,4.63,4.95,4.59,4.62,4.64
2025-01-08,日本 (JP),検査,夜勤,Cチーム,912,1273.0,90.9,98.97,1.03,3.87,5,3.93,3.74,4.0,4.09,4.15
2025-01-08,拠点A (IN),加工,日勤,Bチーム,948,2610.7,88.1,99.4,0.6,3.88,12,3.9,3.69,3.7,3.77,4.08
2025-01-08,拠点A (IN),加工,夜勤,Cチーム,957,598.6,86.7,97.23,2.77,2.7,8,2.83,2.53,2.71,2.91,2.89
2025-01-08,拠点A (IN),組立,日勤,Bチーム,990,2072.6,96.1,98.9,1.1,3.31,7,3.17,3.07,3.34,3.54,3.26
2025-01-08,拠点A (IN),組立,夜勤,Cチーム,1063,1441.9,85.9,97.15,2.85,2.54,7,2.74,2.3,2.5,2.72,2.3
2025-01-08,拠点A (IN),検査,日勤,Bチーム,865,2570.0,92.7,98.78,1.22,3.33,13,3.35,3.04,3.44,3.05,3.53
2025-01-08,拠点A (IN),検査,夜勤,Cチーム,774,1869.7,86.7,97.66,2.34,2.6,11,2.59,2.6,2.45,2.53,2.72
2025-01-08,拠点B (BR),加工,日勤,Bチーム,1029,1980.3,87.8,99.3,0.7,3.47,10,3.55,3.17,3.52,3.38,3.71
2025-01-08,拠点B (BR),加工,夜勤,Cチーム,713,624.5,91.6,97.35,2.65,2.24,14,2.26,2.28,2.28,2.35,2.48
2025-01-08,拠点B (BR),組立,日勤,Bチーム,1165,2319.3,89.8,98.25,1.75,2.7,10,2.78,2.85,2.9,2.53,2.96
2025-01-08,拠点B (BR),組立,夜勤,Cチーム,812,1494.6,85.6,98.23,1.77,2.88,5,2.72,2.71,2.92,3.02,3.28
2025-01-08,拠点B (BR),検査,日勤,Bチーム,1059,1205.3,95.4,99.75,0.25,3.7,10,3.9,3.85,3.8,3.97,3.46
2025-01-08,拠点B (BR),検査,夜勤,Cチーム,817,2249.1,91.8,97.82,2.18,2.95,10,2.96,2.83,3.12,2.8,2.89
2025-01-08,拠点C (VN),加工,日勤,Bチーム,848,1184.2,89.9,99.22,0.78,3.42,9,3.5,3.5,3.24,3.66,3.75
2025-01-08,拠点C (VN),加工,夜勤,Cチーム,756,1946.2,86.3,98.35,1.65,3.09,12,3.08,2.8,3.01,2.82,2.72
2025-01-08,拠点C (VN),組立,日勤,Bチーム,1193,2054.4,83.3,97.84,2.16,2.59,14,2.72,2.45,2.45,2.8,2.22
2025-01-08,拠点C (VN),組立,夜勤,Cチーム,877,2192.5,88.8,98.53,1.47,2.87,11,2.7,2.71,2.96,2.9,2.57
2025-01-08,拠点C (VN),検査,日勤,Bチーム,1175,1376.9,87.6,98.77,1.23,3.43,13,3.43,3.72,3.29,3.57,3.19
2025-01-08,拠点C (VN),検査,夜勤,Cチーム,1095,2377.8,84.5,97.38,2.62,2.47,13,2.28,2.61,2.44,2.23,2.62
2025-01-09,日本 (JP),加工,日勤,Cチーム,885,771.8,85.0,99.75,0.25,4.21,5,4.25,4.04,4.35,4.17,3.92
2025-01-09,日本 (JP),加工,夜勤,Aチーム,843,2721.9,91.2,99.56,0.44,4.16,7,4.22,4.19,3.99,4.17,4.41
2025-01-09,日本 (JP),組立,日勤,Cチーム,819,1877.2,89.0,99.9,0.1,4.1,8,4.2,4.11,3.98,4.32,4.4
2025-01-09,日本 (JP),組立,夜勤,Aチーム,757,1637.2,88.0,99.9,0.1,4.43,6,4.26,4.41,4.6,4.45,4.43
2025-01-09,日本 (JP),検査,日勤,Cチーム,977,2003.5,91.1,99.05,0.95,3.64,7,3.61,3.45,3.51,3.39,3.52
2025-01-09,日本 (JP),検査,夜勤,Aチーム,1092,1224.0,88.8,99.9,0.1,4.28,12,4.29,4.25,4.31,4.08,4.38
2025-01-09,拠点A (IN),加工,日勤,Cチーム,807,1010.7,87.7,97.89,2.11,3.04,9,3.02,3.11,2.88,3.27,3.29
2025-01-09,拠点A (IN),加工,夜勤,Aチーム,1074,1378.3,88.6,98.19,1.81,3.06,9,3.15,2.95,3.26,3.35,3.18
2025-01-09,拠点A (IN),組立,日勤,Cチーム,995,2046.2,86.6,98.41,1.59,2.69,6,2.58,2.62,2.88,2.6,2.53
2025-01-09,拠点A (IN),組立,夜勤,Aチーム,1076,1986.0,88.4,98.83,1.17,3.68,6,3.81,3.65,3.62,3.67,3.94
2025-01-09,拠点A (IN),検査,日勤,Cチーム,1047,1567.9,84.5,98.44,1.56,3.0,5,2.9,2.79,2.94,2.97,3.2
2025-01-09,拠点A (IN),検査,夜勤,Aチーム,1024,2076.9,91.8,98.89,1.11,3.28,7,3.09,3.42,3.12,3.17,2.88
2025-01-09,拠点B (BR),加工,日勤,Cチーム,800,1414.9,85.3,98.85,1.15,3.32,11,3.23,3.41,3.4,3.33,3.17
2025-01-09,拠点B (BR),加工,夜勤,Aチーム,738,699.1,85.2,97.25,2.75,2.42,7,2.24,2.66,2.48,2.64,2.02
2025-01-09,拠点B (BR),組立,日勤,Cチーム,941,810.7,80.9,98.53,1.47,2.55,12,2.41,2.5,2.67,2.54,2.17
2025-01-09,拠点B (BR),組立,夜勤,Aチーム,809,1649.7,83.8,97.66,2.34,2.73,7,2.85,2.44,2.92,2.87,2.58
2025-01-09,拠点B (BR),検査,日勤,Cチーム,1197,1657.5,88.0,99.06,0.94,3.54,10,3.39,3.29,3.45,3.27,3.6
2025-01-09,拠点B (BR),検査,夜勤,Aチーム,740,1796.3,82.4,97.31,2.69,2.53,8,2.68,2.75,2.46,2.43,2.92
2025-01-09,拠点C (VN),加工,日勤,Cチーム,957,2576.7,87.7,98.32,1.68,3.08,7,2.98,3.25,3.11,3.17,2.88
2025-01-09,拠点C (VN),加工,夜勤,Aチーム,900,1849.3,84.0,96.75,3.25,2.31,8,2.46,2.05,2.49,2.02,2.46
2025-01-09,拠点C (VN),組立,日勤,Cチーム,814,1828.2,86.9,97.8,2.2,2.32,7,2.47,2.28,2.36,2.39,2.39
2025-01-09,拠点C (VN),組立,夜勤,Aチーム,727,1139.8,82.1,98.06,1.94,2.98,10,3.1,3.27,2.89,2.85,2.96
2025-01-09,拠点C (VN),検査,日勤,Cチーム,1013,2473.7,84.7,99.48,0.52,3.58,10,3.4,3.36,3.49,3.86,3.44
2025-01-09,拠点C (VN),検査,夜勤,Aチーム,936,1983.1,82.0,97.57,2.43,2.67,12,2.71,2.7,2.82,2.4,2.94
2025-01-10,日本 (JP),加工,日勤,Aチーム,1044,3009.5,88.0,99.9,0.1,4.6,14,4.51,4.86,4.56,4.35,4.69
2025-01-10,日本 (JP),加工,夜勤,Bチーム,740,2052.4,82.3,98.61,1.39,3.45,7,3.43,3.71,3.31,3.38,3.63
2025-01-10,日本 (JP),組立,日勤,Aチーム,1039,3014.5,96.1,99.9,0.1,4.65,14,4.83,4.84,4.45,4.73,4.29
2025-01-10,日本 (JP),組立,夜勤,Bチーム,1037,2239.8,87.7,98.82,1.18,3.63,6,3.7,3.82,3.7,3.39,3.71
2025-01-10,日本 (JP),検査,日勤,Aチーム,1042,2957.8,94.4,99.9,0.1,4.21,11,4.18,4.3,4.27,4.45,4.29
2025-01-10,日本 (JP),検査,夜勤,Bチーム,854,1230.2,89.9,99.33,0.67,3.95,6,3.96,4.15,4.15,4.14,4.11
2025-01-10,拠点A (IN),加工,日勤,Aチーム,1156,1666.1,87.9,99.21,0.79,3.3,5,3.19,3.28,3.43,3.04,3.21
2025-01-10,拠点A (IN),加工,夜勤,Bチーム,772,2560.2,88.8,99.01,0.99,3.58,14,3.61,3.41,3.53,3.55,3.64
2025-01-10,拠点A (IN),組立,日勤,Aチーム,966,3070.1,88.5,99.39,0.61,3.64,9,3.7,3.37,3.74,3.91,3.51
2025-01-10,拠点A (IN),組立,夜勤,Bチーム,1094,1204.4,85.8,97.81,2.19,3.08,5,3.15,3.14,3.02,2.91,3.47
2025-01-10,拠点A (IN),検査,日勤,Aチーム,1124,1777.8,89.0,99.06,0.94,3.18,12,3.18,3.46,3.13,2.9,2.81
2025-01-10,拠点A (IN),検査,夜勤,Bチーム,729,2339.1,91.3,98.04,1.96,2.88,9,3.06,2.77,3.04,2.94,3.14
2025-01-10,拠点B (BR),加工,日勤,Aチーム,1077,598.3,85.6,99.9,0.1,3.78,9,3.64,3.81,3.79,3.93,4.04
2025-01-10,拠点B (BR),加工,夜勤,Bチーム,750,1074.5,83.4,98.13,1.87,2.76,5,2.76,2.87,2.65,2.96,2.8
2025-01-10,拠点B (BR),組立,日勤,Aチーム,1072,2146.2,84.1,97.96,2.04,2.55,10,2.58,2.62,2.43,2.48,2.18
2025-01-10,拠点B (BR),組立,夜勤,Bチーム,763,1414.8,87.0,98.33,1.67,2.81,6,2.9,2.83,2.96,2.59,3.05
2025-01-10,拠点B (BR),検査,日勤,Aチーム,845,1209.7,87.6,98.18,1.82,2.49,10,2.35,2.46,2.68,2.48,2.78
2025-01-10,拠点B (BR),検査,夜勤,Bチーム,915,2648.6,84.4,98.51,1.49,2.98,13,2.93,3.12,3.14,2.96,2.94
2025-01-10,拠点C (VN),加工,日勤,Aチーム,962,2147.0,88.3,98.27,1.73,3.04,8,2.84,3.13,2.96,2.89,2.89
2025-01-10,拠点C (VN),加工,夜勤,Bチーム,813,402.1,81.8,97.11,2.89,2.36,10,2.45,2.47,2.21,2.24,2.25
2025-01-10,拠点C (VN),組立,日勤,Aチーム,856,500.0,86.3,99.26,0.74,3.33,6,3.4,3.52,3.24,3.03,3.52
2025-01-10,拠点C (VN),組立,夜勤,Bチーム,931,1070.8,89.0,98.49,1.51,3.17,9,3.3,3.35,3.32,3.29,2.85
2025-01-10,拠点C (VN),検査,日勤,Aチーム,1059,777.6,89.0,98.6,1.4,2.76,10,2.68,2.79,2.81,2.8,2.92
2025-01-10,拠点C (VN),検査,夜勤,Bチーム,861,2013.2,84.0,97.13,2.87,2.01,6,2.09,2.11,1.89,2.23,1.93
2025-01-11,日本 (JP),加工,日勤,Bチーム,917,2246.8,88.4,99.8,0.2,3.88,11,3.77,3.96,4.07,3.94,3.77
2025-01-11,日本 (JP),加工,夜勤,Cチーム,709,2233.2,92.1,99.9,0.1,4.14,10,3.97,4.25,4.04,4.27,4.4
2025-01-11,日本 (JP),組立,日勤,Bチーム,1004,2410.8,98.0,99.9,0.1,4.55,12,4.45,4.54,4.46,4.33,4.65
2025-01-11,日本 (JP),組立,夜勤,Cチーム,940,2322.3,91.8,98.79,1.21,3.37,14,3.46,3.43,3.53,3.42,3.34
2025-01-11,日本 (JP),検査,日勤,Bチーム,961,1009.0,87.6,99.68,0.32,3.94,8,4.06,4.18,3.92,4.19,3.84
2025-01-11,日本 (JP),検査,夜勤,Cチーム,917,2963.7,91.5,99.88,0.12,4.55,5,4.73,4.76,4.62,4.34,4.36
2025-01-11,拠点A (IN),加工,日勤,Bチーム,810,2452.6,87.8,99.75,0.25,3.81,8,3.89,3.69,3.66,3.98,3.93
2025-01-11,拠点A (IN),加工,夜勤,Cチーム,727,1179.5,84.1,97.22,2.78,2.37,13,2.36,2.14,2.43,2.53,1.97
2025-01-11,拠点A (IN),組立,日勤,Bチーム,899,2726.7,86.2,99.48,0.52,3.79,6,3.67,3.88,3.78,4.02,3.56
2025-01-11,拠点A (IN),組立,夜勤,Cチーム,915,1228.3,90.7,98.95,1.05,3.32,11,3.17,3.46,3.51,3.05,3.46
2025-01-11,拠点A (IN),検査,日勤,Bチーム,1034,2608.8,88.3,99.09,0.91,3.2,13,3.33,3.37,3.22,2.96,3.35
2025-01-11,拠点A (IN),検査,夜勤,Cチーム,862,737.7,85.9,97.64,2.36,2.66,10,2.68,2.72,2.47,2.64,3.03
2025-01-11,拠点B (BR),加工,日勤,Bチーム,955,2427.5,90.7,99.05,0.95,3.08,14,3.22,3.12,2.91,3.01,2.97
2025-01-11,拠点B (BR),加工,夜勤,Cチーム,852,412.0,82.3,97.91,2.09,2.37,11,2.38,2.28,2.32,2.07,2.21
2025-01-11,拠点B (BR),組立,日勤,Bチーム,844,1509.1,90.1,98.72,1.28,3.27,8,3.43,3.4,3.44,3.33,3.25
2025-01-11,拠点B (BR),組立,夜勤,Cチーム,803,658.2,89.1,96.87,3.13,2.19,11,2.3,2.48,2.21,2.47,1.85
2025-01-11,拠点B (BR),検査,日勤,Bチーム,1161,456.6,84.6,98.62,1.38,2.85,13,2.96,2.9,2.71,3.04,2.96
2025-01-11,拠点B (BR),検査,夜勤,Cチーム,748,598.1,88.3,98.07,1.93,2.68,10,2.67,2.92,2.77,2.42,2.4
2025-01-11,拠点C (VN),加工,日勤,Bチーム,853,1629.9,90.1,97.9,2.1,2.21,6,2.13,2.37,2.15,2.48,2.58
2025-01-11,拠点C (VN),加工,夜勤,Cチーム,922,1972.3,87.1,98.34,1.66,2.87,7,2.74,2.84,2.75,2.6,3.14
2025-01-11,拠点C (VN),組立,日勤,Bチーム,955,2136.0,90.4,99.15,0.85,3.57,13,3.45,3.84,3.77,3.7,3.96
2025-01-11,拠点C (VN),組立,夜勤,Cチーム,718,2153.8,81.3,97.98,2.02,2.8,11,2.68,2.51,2.6,2.99,2.98
2025-01-11,拠点C (VN),検査,日勤,Bチーム,1135,2515.7,90.5,98.49,1.51,2.7,6,2.8,2.49,2.69,2.83,2.49
2025-01-11,拠点C (VN),検査,夜勤,Cチーム,787,2090.3,88.0,98.26,1.74,2.9,10,2.94,3.1,3.01,2.82,2.94
2025-01-12,日本 (JP),加工,日勤,Cチーム,890,1025.4,89.2,99.9,0.1,4.55,7,4.7,4.25,4.71,4.34,4.94
2025-01-12,日本 (JP),加工,夜勤,Aチーム,1026,1787.0,88.8,98.9,1.1,4.54,8,4.64,4.79,4.72,4.59,4.43
2025-01-12,日本 (JP),組立,日勤,Cチーム,890,1933.6,88.4,99.9,0.1,4.52,8,4.66,4.77,4.67,4.81,4.15
2025-01-12,日本 (JP),組立,夜勤,Aチーム,892,2267.1,94.8,99.9,0.1,4.39,10,4.54,4.26,4.57,4.44,4.34
2025-01-12,日本 (JP),検査,日勤,Cチーム,908,1379.8,92.3,99.62,0.38,4.25,11,4.41,4.52,4.41,4.21,4.48
2025-01-12,日本 (JP),検査,夜勤,Aチーム,920,2049.6,90.6,99.64,0.36,3.92,7,3.96,3.64,3.97,3.84,3.76
2025-01-12,拠点A (IN),加工,日勤,Cチーム,1082,573.4,90.0,99.85,0.15,3.82,8,3.9,3.98,3.88,3.61,4.12
2025-01-12,拠点A (IN),加工,夜勤,Aチーム,768,1255.4,82.4,98.4,1.6,3.11,9,3.21,2.81,3.08,3.12,2.75
2025-01-12,拠点A (IN),組立,日勤,Cチーム,1116,776.4,87.8,99.9,0.1,3.96,7,4.11,3.69,3.84,3.85,4.14
2025-01-12,拠点A (IN),組立,夜勤,Aチーム,1013,766.5,86.6,97.97,2.03,3.26,9,3.35,3.45,3.13,3.18,3.58
2025-01-12,拠点A (IN),検査,日勤,Cチーム,1040,803.4,84.7,99.01,0.99,3.71,11,3.73,3.84,3.58,3.88,3.78
2025-01-12,拠点A (IN),検査,夜勤,Aチーム,852,2256.5,92.3,99.45,0.55,3.73,9,3.75,3.9,3.81,3.53,4.11
2025-01-12,拠点B (BR),加工,日勤,Cチーム,1178,1347.3,85.8,98.67,1.33,2.97,11,2.82,3.18,2.91,2.69,2.61
2025-01-12,拠点B (BR),加工,夜勤,Aチーム,944,1554.3,80.9,97.08,2.92,2.31,5,2.39,2.45,2.34,2.58,2.31
2025-01-12,拠点B (BR),組立,日勤,Cチーム,927,2130.3,84.9,98.31,1.69,2.87,5,2.68,3.07,2.68,2.99,3.25
2025-01-12,拠点B (BR),組立,夜勤,Aチーム,1038,1192.7,83.0,97.58,2.42,2.76,13,2.77,2.78,2.73,2.64,2.74
2025-01-12,拠点B (BR),検査,日勤,Cチーム,894,756.6,85.6,97.92,2.08,2.48,11,2.4,2.67,2.48,2.22,2.33
2025-01-12,拠点B (BR),検査,夜勤,Aチーム,1027,612.4,91.1,99.11,0.89,3.5,9,3.43,3.41,3.55,3.4,3.69
2025-01-12,拠点C (VN),加工,日勤,Cチーム,818,1045.3,80.9,98.48,1.52,2.77,9,2.6,2.59,2.72,3.06,2.99
2025-01-12,拠点C (VN),加工,夜勤,Aチーム,827,2123.1,86.0,98.05,1.95,3.03,12,3.22,2.92,3.2,3.28,2.64
2025-01-12,拠点C (VN),組立,日勤,Cチーム,968,2154.7,86.4,98.28,1.72,2.83,6,2.91,2.78,2.77,2.77,2.64
2025-01-12,拠点C (VN),組立,夜勤,Aチーム,823,2055.1,83.8,97.77,2.23,2.29,10,2.15,2.34,2.16,2.54,1.94
2025-01-12,拠点C (VN),検査,日勤,Cチーム,1166,1666.8,91.8,98.48,1.52,2.8,9,2.61,3.08,2.7,2.91,2.97
2025-01-12,拠点C (VN),検査,夜勤,Aチーム,957,794.2,83.7,98.26,1.74,2.85,8,3.03,2.62,2.72,3.12,3.04
2025-01-13,日本 (JP),加工,日勤,Aチーム,897,3640.8,89.6,99.9,0.1,4.65,13,4.47,4.72,4.6,4.91,4.68
2025-01-13,日本 (JP),加工,夜勤,Bチーム,745,1345.2,90.4,99.71,0.29,4.52,10,4.71,4.28,4.32,4.48,4.2
2025-01-13,日本 (JP),組立,日勤,Aチーム,1070,1365.4,95.4,99.9,0.1,4.47,13,4.45,4.77,4.36,4.5,4.61
2025-01-13,日本 (JP),組立,夜勤,Bチーム,944,742.4,88.5,99.38,0.62,4.21,8,4.02,4.06,4.1,4.07,4.01
2025-01-13,日本 (JP),検査,日勤,Aチーム,1113,1711.4,88.4,98.79,1.21,3.58,6,3.53,3.48,3.74,3.51,3.58
2025-01-13,日本 (JP),検査,夜勤,Bチーム,1057,1565.0,93.7,99.04,0.96,3.67,12,3.86,3.54,3.78,3.62,3.43
2025-01-13,拠点A (IN),加工,日勤,Aチーム,1152,2305.5,88.6,99.18,0.82,3.7,9,3.77,3.87,3.68,3.78,3.5
2025-01-13,拠点A (IN),加工,夜勤,Bチーム,951,2081.2,82.3,99.01,0.99,3.36,9,3.47,3.31,3.36,3.53,3.44
2025-01-13,拠点A (IN),組立,日勤,Aチーム,1162,1136.5,91.1,98.86,1.14,2.8,12,2.97,2.56,2.91,2.75,2.93
2025-01-13,拠点A (IN),組立,夜勤,Bチーム,832,2122.0,84.9,97.81,2.19,2.69,14,2.87,2.84,2.78,2.89,2.65
2025-01-13,拠点A (IN),検査,日勤,Aチーム,952,808.4,83.9,98.89,1.11,3.71,14,3.84,3.88,3.63,3.96,4.07
2025-01-13,拠点A (IN),検査,夜勤,Bチーム,994,2268.6,79.5,97.82,2.18,2.79,5,2.63,2.73,2.81,2.79,2.55
2025-01-13,拠点B (BR),加工,日勤,Aチーム,1112,1839.9,90.8,99.03,0.97,3.59,9,3.55,3.72,3.54,3.58,3.53
2025-01-13,拠点B (BR),加工,夜勤,Bチーム,807,2005.9,91.2,98.32,1.68,3.21,10,3.23,3.12,3.18,3.35,3.52
2025-01-13,拠点B (BR),組立,日勤,Aチーム,961,1780.9,90.4,97.64,2.36,2.48,14,2.53,2.33,2.31,2.42,2.27
2025-01-13,拠点B (BR),組立,夜勤,Bチーム,836,407.1,86.1,97.38,2.62,2.43,7,2.51,2.55,2.3,2.43,2.36
2025-01-13,拠点B (BR),検査,日勤,Aチーム,1004,1997.4,96.1,99.16,0.84,3.61,9,3.45,3.51,3.46,3.72,3.37
2025-01-13,拠点B (BR),検査,夜勤,Bチーム,1004,1361.9,86.3,97.76,2.24,2.69,9,2.8,2.75,2.83,2.79,2.61
2025-01-13,拠点C (VN),加工,日勤,Aチーム,943,2541.1,85.9,98.91,1.09,3.44,10,3.53,3.46,3.57,3.63,3.71
2025-01-13,拠点C (VN),加工,夜勤,Bチーム,905,700.4,83.8,97.39,2.61,2.68,7,2.82,2.91,2.67,2.42,2.59
2025-01-13,拠点C (VN),組立,日勤,Aチーム,1023,2636.4,88.5,99.0,1.0,3.32,12,3.51,3.06,3.38,3.07,3.23
2025-01-13,拠点C (VN),組立,夜勤,Bチーム,1038,464.4,89.4,98.81,1.19,3.13,10,3.22,3.19,3.21,3.05,3.02
2025-01-13,拠点C (VN),検査,日勤,Aチーム,1034,1051.5,83.4,97.54,2.46,2.26,5,2.21,2.34,2.1,2.03,1.9
2025-01-13,拠点C (VN),検査,夜勤,Bチーム,1067,2029.9,79.6,97.45,2.55,2.81,11,2.88,2.97,2.62,2.64,2.98
2025-01-14,日本 (JP),加工,日勤,Bチーム,1189,3244.3,94.9,99.9,0.1,4.0,11,4.04,3.96,4.11,4.21,4.04
2025-01-14,日本 (JP),加工,夜勤,Cチーム,966,639.9,87.0,99.87,0.13,4.29,12,4.32,4.1,4.33,4.5,4.58
2025-01-14,日本 (JP),組立,日勤,Bチーム,1017,3497.3,97.6,99.9,0.1,4.44,7,4.57,4.54,4.56,4.3,4.6
2025-01-14,日本 (JP),組立,夜勤,Cチーム,828,2587.1,91.2,98.82,1.18,3.64,9,3.72,3.47,3.68,3.5,3.77
2025-01-14,日本 (JP),検査,日勤,Bチーム,1125,3038.2,95.5,99.9,0.1,4.56,8,4.67,4.71,4.42,4.39,4.53
2025-01-14,日本 (JP),検査,夜勤,Cチーム,778,2098.4,89.0,98.59,1.41,3.64,12,3.79,3.81,3.61,3.46,3.65
2025-01-14,拠点A (IN),加工,日勤,Bチーム,1057,2938.1,87.2,98.76,1.24,3.6,5,3.64,3.34,3.44,3.9,3.47
2025-01-14,拠点A (IN),加工,夜勤,Cチーム,1064,2163.8,89.6,98.5,1.5,3.42,5,3.61,3.66,3.56,3.37,3.03
2025-01-14,拠点A (IN),組立,日勤,Bチーム,982,2269.5,88.8,98.45,1.55,2.62,14,2.65,2.7,2.77,2.67,2.69
2025-01-14,拠点A (IN),組立,夜勤,Cチーム,773,1133.3,94.8,99.15,0.85,3.79,13,3.68,3.84,3.96,4.04,3.66
2025-01-14,拠点A (IN),検査,日勤,Bチーム,813,2144.7,90.8,98.76,1.24,3.29,6,3.24,3.51,3.14,3.55,3.4
2025-01-14,拠点A (IN),検査,夜勤,Cチーム,881,1100.0,84.7,97.3,2.7,2.38,7,2.48,2.57,2.35,2.2,2.02
2025-01-14,拠点B (BR),加工,日勤,Bチーム,911,816.2,87.5,98.61,1.39,3.17,12,3.29,3.45,3.18,3.16,3.09
2025-01-14,拠点B (BR),加工,夜勤,Cチーム,991,1616.5,85.9,97.79,2.21,2.33,12,2.17,2.39,2.41,2.07,2.12
2025-01-14,拠点B (BR),組立,日勤,Bチーム,1117,2348.8,91.6,99.82,0.18,3.67,11,3.67,3.96,3.75,3.6,3.91
2025-01-14,拠点B (BR),組立,夜勤,Cチーム,992,1731.3,87.8,98.69,1.31,3.43,5,3.48,3.71,3.41,3.64,3.08
2025-01-14,拠点B (BR),検査,日勤,Bチーム,1149,1225.5,87.1,98.26,1.74,2.8,7,2.82,2.98,2.77,2.6,2.78
2025-01-14,拠点B (BR),検査,夜勤,Cチーム,992,1870.9,76.1,96.75,3.25,2.18,12,2.03,1.89,2.05,2.01,2.29
2025-01-14,拠点C (VN),加工,日勤,Bチーム,812,428.8,81.1,98.43,1.57,2.51,9,2.38,2.75,2.62,2.25,2.9
2025-01-14,拠点C (VN),加工,夜勤,Cチーム,889,2125.4,89.0,97.1,2.9,2.38,10,2.49,2.26,2.3,2.08,2.12
2025-01-14,拠点C (VN),組立,日勤,Bチーム,1112,1932.8,88.6,99.02,0.98,3.43,14,3.34,3.34,3.3,3.33,3.46
2025-01-14,拠点C (VN),組立,夜勤,Cチーム,1018,1980.8,90.3,98.89,1.11,3.39,11,3.41,3.55,3.56,3.1,3.41
2025-01-14,拠点C (VN),検査,日勤,Bチーム,837,1511.8,92.3,98.21,1.79,2.86,11,2.71,3.04,2.71,2.98,2.79
2025-01-14,拠点C (VN),検査,夜勤,Cチーム,776,1279.3,89.9,97.75,2.25,2.72,14,2.87,2.66,2.91,2.98,2.91
2025-01-15,日本 (JP),加工,日勤,Cチーム,930,1887.9,89.8,99.57,0.43,3.86,10,3.99,3.73,4.03,4.15,3.92
2025-01-15,日本 (JP),加工,夜勤,Aチーム,1086,2284.5,87.4,98.32,1.68,3.49,5,3.58,3.53,3.42,3.78,3.11
2025-01-15,日本 (JP),組立,日勤,Cチーム,1182,3127.8,97.1,98.85,1.15,3.83,14,3.95,3.9,3.93,3.62,3.8
2025-01-15,日本 (JP),組立,夜勤,Aチーム,918,639.2,87.3,99.02,0.98,3.76,11,3.67,3.58,3.65,4.0,3.73
2025-01-15,日本 (JP),検査,日勤,Cチーム,801,1369.0,92.8,99.9,0.1,4.11,5,4.19,4.37,4.06,4.23,4.09
2025-01-15,日本 (JP),検査,夜勤,Aチーム,842,1957.3,93.7,99.88,0.12,4.18,8,4.18,4.18,4.0,3.9,4.22
2025-01-15,拠点A (IN),加工,日勤,Cチーム,1026,2203.8,88.5,98.87,1.13,3.16,6,3.04,3.06,3.14,3.32,3.49
2025-01-15,拠点A (IN),加工,夜勤,Aチーム,806,1128.7,86.8,97.53,2.47,2.58,11,2.43,2.75,2.48,2.69,2.64
2025-01-15,拠点A (IN),組立,日勤,Cチーム,991,1076.6,90.1,99.86,0.14,3.89,10,3.73,3.76,3.86,3.77,3.76
2025-01-15,拠点A (IN),組立,夜勤,Aチーム,972,1296.8,84.8,97.75,2.25,2.74,7,2.62,2.62,2.79,2.8,2.75
2025-01-15,拠点A (IN),検査,日勤,Cチーム,1068,730.4,89.0,98.71,1.29,3.03,14,3.11,3.15,3.07,3.32,2.88
2025-01-15,拠点A (IN),検査,夜勤,Aチーム,1084,2121.4,83.8,97.9,2.1,2.81,6,3.01,2.83,3.0,3.07,2.77
2025-01-15,拠点B (BR),加工,日勤,Cチーム,983,1555.5,83.5,98.27,1.73,2.6,13,2.76,2.41,2.4,2.33,2.92
2025-01-15,拠点B (BR),加工,夜勤,Aチーム,851,1397.0,85.6,98.42,1.58,3.07,7,3.17,2.8,2.87,2.9,3.2
2025-01-15,拠点B (BR),組立,日勤,Cチーム,1139,564.5,86.0,98.22,1.78,2.92,11,2.83,2.8,2.76,2.88,3.1
2025-01-15,拠点B (BR),組立,夜勤,Aチーム,815,1996.1,89.9,98.41,1.59,3.51,5,3.36,3.62,3.69,3.29,3.7
2025-01-15,拠点B (BR),検査,日勤,Cチーム,869,1304.8,92.1,99.44,0.56,3.25,11,3.31,3.51,3.38,3.29,3.37
2025-01-15,拠点B (BR),検査,夜勤,Aチーム,899,694.6,85.9,99.13,0.87,3.45,9,3.29,3.19,3.39,3.2,3.52
2025-01-15,拠点C (VN),加工,日勤,Cチーム,1159,1785.9,85.9,97.96,2.04,2.52,7,2.58,2.54,2.36,2.32,2.57
2025-01-15,拠点C (VN),加工,夜勤,Aチーム,861,1385.9,86.0,97.42,2.58,2.41,8,2.23,2.43,2.3,2.71,2.47
2025-01-15,拠点C (VN),組立,日勤,Cチーム,1134,1348.5,85.5,97.68,2.32,2.39,10,2.38,2.3,2.34,2.58,2.26
2025-01-15,拠点C (VN),組立,夜勤,Aチーム,777,703.9,81.6,97.27,2.73,2.29,10,2.32,2.1,2.15,2.34,2.5
2025-01-15,拠点C (VN),検査,日勤,Cチーム,859,484.2,86.2,99.21,0.79,3.29,9,3.47,3.4,3.31,3.01,3.27
2025-01-15,拠点C (VN),検査,夜勤,Aチーム,845,1555.9,82.3,97.45,2.55,2.57,5,2.74,2.78,2.46,2.41,2.58
2025-01-16,日本 (JP),加工,日勤,Aチーム,899,2640.1,92.5,99.9,0.1,4.51,14,4.64,4.69,4.55,4.43,4.31
2025-01-16,日本 (JP),加工,夜勤,Bチーム,1013,1630.4,83.4,98.95,1.05,3.44,9,3.27,3.37,3.31,3.23,3.7
2025-01-16,日本 (JP),組立,日勤,Aチーム,1036,1735.7,88.3,99.63,0.37,3.55,7,3.45,3.56,3.65,3.83,3.33
2025-01-16,日本 (JP),組立,夜勤,Bチーム,985,2358.2,97.1,99.43,0.57,4.45,10,4.46,4.56,4.42,4.59,4.71
2025-01-16,日本 (JP),検査,日勤,Aチーム,921,2650.2,93.5,99.38,0.62,3.69,14,3.83,3.68,3.7,3.58,3.75
2025-01-16,日本 (JP),検査,夜勤,Bチーム,996,1543.9,91.1,99.0,1.0,3.72,9,3.87,3.92,3.7,3.5,3.63
2025-01-16,拠点A (IN),加工,日勤,Aチーム,1192,2585.8,88.0,98.67,1.33,3.43,11,3.41,3.39,3.35,3.25,3.08
2025-01-16,拠点A (IN),加工,夜勤,Bチーム,914,542.8,81.4,98.89,1.11,3.63,13,3.49,3.43,3.6,3.79,3.95
2025-01-16,拠点A (IN),組立,日勤,Aチーム,824,1532.5,84.8,98.4,1.6,2.63,7,2.67,2.42,2.52,2.34,2.89
2025-01-16,拠点A (IN),組立,夜勤,Bチーム,763,2952.0,88.5,99.13,0.87,3.76,13,3.73,3.49,3.58,3.81,3.68
2025-01-16,拠点A (IN),検査,日勤,Aチーム,1163,800.5,85.3,98.11,1.89,2.54,14,2.58,2.48,2.73,2.57,2.36
2025-01-16,拠点A (IN),検査,夜勤,Bチーム,1066,2344.5,87.7,98.39,1.61,3.36,12,3.2,3.31,3.23,3.2,3.22
2025-01-16,拠点B (BR),加工,日勤,Aチーム,950,2469.0,88.3,98.66,1.34,2.69,14,2.75,2.91,2.79,2.83,2.68
2025-01-16,拠点B (BR),加工,夜勤,Bチーム,720,522.5,88.4,98.71,1.29,3.14,9,3.24,2.93,3.0,3.0,3.03
2025-01-16,拠点B (BR),組立,日勤,Aチーム,1155,480.1,87.1,98.61,1.39,2.91,7,2.99,2.73,2.97,2.77,3.22
2025-01-16,拠点B (BR),組立,夜勤,Bチーム,737,2754.5,86.5,98.93,1.07,3.44,13,3.3,3.47,3.29,3.17,3.57
2025-01-16,拠点B (BR),検査,日勤,Aチーム,867,1537.3,78.6,98.65,1.35,3.1,14,3.22,3.2,3.13,3.32,2.93
2025-01-16,拠点B (BR),検査,夜勤,Bチーム,829,2358.1,91.5,98.26,1.74,2.8,12,2.83,3.01,2.68,3.06,2.95
2025-01-16,拠点C (VN),加工,日勤,Aチーム,1166,781.3,89.3,98.58,1.42,3.35,5,3.51,3.65,3.27,3.18,3.56
2025-01-16,拠点C (VN),加工,夜勤,Bチーム,711,535.0,85.8,97.05,2.95,2.35,14,2.51,2.62,2.46,2.06,1.96
2025-01-16,拠点C (VN),組立,日勤,Aチーム,1024,1136.8,85.8,98.07,1.93,2.73,12,2.83,2.56,2.55,2.51,2.81
2025-01-16,拠点C (VN),組立,夜勤,Bチーム,1021,2399.9,81.4,98.41,1.59,3.19,12,3.04,2.91,3.24,3.37,3.46
2025-01-16,拠点C (VN),検査,日勤,Aチーム,963,2220.3,89.8,98.24,1.76,2.88,6,2.94,3.15,2.7,3.11,2.94
2025-01-16,拠点C (VN),検査,夜勤,Bチーム,1033,2052.1,86.2,98.08,1.92,2.79,6,2.64,2.97,2.93,2.58,3.07
2025-01-17,日本 (JP),加工,日勤,Bチーム,1155,1181.1,96.3,99.9,0.1,4.79,13,4.71,4.99,4.83,4.84,4.59
2025-01-17,日本 (JP),加工,夜勤,Cチーム,930,2907.8,91.0,99.88,0.12,4.28,10,4.36,4.52,4.42,4.06,3.98
2025-01-17,日本 (JP),組立,日勤,Bチーム,843,1343.5,95.6,99.9,0.1,4.56,9,4.4,4.5,4.65,4.73,4.25
2025-01-17,日本 (JP),組立,夜勤,Cチーム,782,1567.7,92.3,98.73,1.27,3.3,10,3.14,3.49,3.46,3.49,3.62
2025-01-17,日本 (JP),検査,日勤,Bチーム,1124,1151.8,95.5,99.9,0.1,4.22,13,4.18,4.21,4.07,3.97,4.48
2025-01-17,日本 (JP),検査,夜勤,Cチーム,715,2526.3,92.7,99.9,0.1,4.57,7,4.69,4.47,4.49,4.51,4.71
2025-01-17,拠点A (IN),加工,日勤,Bチーム,930,2747.7,87.9,99.47,0.53,3.52,7,3.59,3.3,3.55,3.38,3.77
2025-01-17,拠点A (IN),加工,夜勤,Cチーム,785,1774.7,90.0,97.82,2.18,2.94,8,2.94,3.12,2.83,2.77,2.98
2025-01-17,拠点A (IN),組立,日勤,Bチーム,876,1361.9,85.0,99.24,0.76,3.29,13,3.12,3.02,3.13,3.34,3.32
2025-01-17,拠点A (IN),組立,夜勤,Cチーム,993,768.7,87.0,97.35,2.65,2.65,7,2.73,2.5,2.57,2.72,2.97
2025-01-17,拠点A (IN),検査,日勤,Bチーム,1175,794.7,91.6,98.98,1.02,3.71,11,3.7,3.53,3.8,3.75,3.6
2025-01-17,拠点A (IN),検査,夜勤,Cチーム,817,784.4,93.4,99.21,0.79,3.67,5,3.74,3.55,3.62,3.7,3.9
2025-01-17,拠点B (BR),加工,日勤,Bチーム,853,1702.2,88.9,98.88,1.12,2.78,5,2.78,2.57,2.84,3.08,2.74
2025-01-17,拠点B (BR),加工,夜勤,Cチーム,916,1195.0,84.8,97.94,2.06,2.63,10,2.59,2.73,2.61,2.72,2.28
2025-01-17,拠点B (BR),組立,日勤,Bチーム,1009,1699.0,90.6,99.17,0.83,3.52,14,3.51,3.58,3.55,3.46,3.39
2025-01-17,拠点B (BR),組立,夜勤,Cチーム,831,702.0,83.1,97.58,2.42,2.29,10,2.11,2.32,2.33,2.51,2.35
2025-01-17,拠点B (BR),検査,日勤,Bチーム,922,2015.7,90.4,98.33,1.67,2.82,13,2.78,2.7,2.68,2.61,2.76
2025-01-17,拠点B (BR),検査,夜勤,Cチーム,831,1618.6,91.4,97.94,2.06,2.99,6,3.05,3.19,3.11,2.86,3.35
2025-01-17,拠点C (VN),加工,日勤,Bチーム,999,401.4,82.1,97.68,2.32,2.37,9,2.34,2.67,2.18,2.61,2.09
2025-01-17,拠点C (VN),加工,夜勤,Cチーム,945,831.7,90.9,98.68,1.32,3.1,11,2.99,3.14,3.04,3.17,2.72
2025-01-17,拠点C (VN),組立,日勤,Bチーム,1009,1754.6,83.7,97.9,2.1,2.36,10,2.25,2.33,2.18,2.56,2.62
2025-01-17,拠点C (VN),組立,夜勤,Cチーム,721,1705.9,84.6,97.55,2.45,2.82,10,2.81,2.79,2.63,2.67,3.12
2025-01-17,拠点C (VN),検査,日勤,Bチーム,1064,1142.2,84.6,97.99,2.01,2.43,10,2.25,2.49,2.54,2.44,2.21
2025-01-17,拠点C (VN),検査,夜勤,Cチーム,1066,1693.5,84.3,98.05,1.95,2.93,7,3.03,2.78,2.97,2.86,3.22
2025-01-18,日本 (JP),加工,日勤,Cチーム,921,1046.8,95.7,99.9,0.1,4.74,8,4.54,4.45,4.76,4.75,5.13
2025-01-18,日本 (JP),加工,夜勤,Aチーム,1026,2594.0,88.3,98.93,1.07,3.56,11,3.38,3.37,3.58,3.65,3.2
2025-01-18,日本 (JP),組立,日勤,Cチーム,1105,3188.4,96.4,99.9,0.1,4.73,13,4.58,4.5,4.74,4.58,4.62
2025-01-18,日本 (JP),組立,夜勤,Aチーム,717,2025.5,93.7,99.9,0.1,4.59,6,4.66,4.39,4.41,4.49,4.8
2025-01-18,日本 (JP),検査,日勤,Cチーム,867,1454.2,96.6,99.56,0.44,4.04,13,3.88,4.31,4.08,4.17,3.89
2025-01-18,日本 (JP),検査,夜勤,Aチーム,817,1432.9,89.6,99.17,0.83,3.81,6,3.88,3.84,3.8,4.06,3.47
2025-01-18,拠点A (IN),加工,日勤,Cチーム,834,1324.5,84.8,98.15,1.85,2.92,9,3.0,3.2,3.01,2.91,3.03
2025-01-18,拠点A (IN),加工,夜勤,Aチーム,974,2330.1,88.8,98.64,1.36,3.41,11,3.32,3.55,3.36,3.42,3.06
2025-01-18,拠点A (IN),組立,日勤,Cチーム,1093,1594.3,92.3,98.49,1.51,2.77,10,2.6,2.85,2.88,3.07,2.38
2025-01-18,拠点A (IN),組立,夜勤,Aチーム,784,2392.8,94.2,99.09,0.91,3.4,13,3.28,3.31,3.46,3.39,3.33
2025-01-18,拠点A (IN),検査,日勤,Cチーム,1024,2213.9,92.7,98.19,1.81,3.04,13,2.92,2.93,2.93,2.78,3.3
2025-01-18,拠点A (IN),検査,夜勤,Aチーム,1046,1564.0,85.6,97.9,2.1,2.68,13,2.78,2.63,2.56,2.69,2.39
2025-01-18,拠点B (BR),加工,日勤,Cチーム,891,470.2,86.1,98.38,1.62,2.96,13,2.83,2.85,2.93,3.21,2.75
2025-01-18,拠点B (BR),加工,夜勤,Aチーム,958,1514.2,83.0,97.39,2.61,2.24,9,2.23,1.99,2.29,2.27,2.16
2025-01-18,拠点B (BR),組立,日勤,Cチーム,925,907.2,87.5,98.71,1.29,3.08,6,3.24,3.14,3.21,3.04,3.28
2025-01-18,拠点B (BR),組立,夜勤,Aチーム,1035,1950.1,89.7,99.04,0.96,3.47,6,3.39,3.5,3.5,3.43,3.56
2025-01-18,拠点B (BR),検査,日勤,Cチーム,887,1787.8,85.0,98.35,1.65,2.42,13,2.46,2.35,2.57,2.31,2.26
2025-01-18,拠点B (BR),検査,夜勤,Aチーム,768,2234.6,79.2,97.3,2.7,2.5,9,2.52,2.6,2.57,2.76,2.9
2025-01-18,拠点C (VN),加工,日勤,Cチーム,990,960.5,86.7,98.66,1.34,3.21,9,3.01,3.45,3.02,3.03,3.14
2025-01-18,拠点C (VN),加工,夜勤,Aチーム,759,1031.8,85.4,96.9,3.1,2.5,11,2.69,2.59,2.67,2.38,2.72
2025-01-18,拠点C (VN),組立,日勤,Cチーム,929,2058.7,87.2,99.22,0.78,3.27,11,3.33,3.41,3.22,3.06,3.04
2025-01-18,拠点C (VN),組立,夜勤,Aチーム,1081,1488.8,89.7,97.8,2.2,2.44,12,2.57,2.62,2.37,2.6,2.15
2025-01-18,拠点C (VN),検査,日勤,Cチーム,1104,1540.6,87.7,98.8,1.2,3.12,10,2.96,2.97,3.05,3.31,3.42
2025-01-18,拠点C (VN),検査,夜勤,Aチーム,914,2103.8,86.0,97.58,2.42,2.42,13,2.24,2.53,2.32,2.27,2.27
2025-01-19,日本 (JP),加工,日勤,Aチーム,853,1735.3,89.0,99.55,0.45,3.58,11,3.68,3.77,3.76,3.47,3.87
2025-01-19,日本 (JP),加工,夜勤,Bチーム,1011,1200.0,91.5,98.36,1.64,3.47,7,3.62,3.27,3.29,3.6,3.45
2025-01-19,日本 (JP),組立,日勤,Aチーム,1130,2223.0,92.2,99.9,0.1,4.6,9,4.66,4.54,4.63,4.49,4.59
2025-01-19,日本 (JP),組立,夜勤,Bチーム,969,1103.2,94.3,99.74,0.26,4.33,5,4.25,4.11,4.38,4.21,4.19
2025-01-19,日本 (JP),検査,日勤,Aチーム,1046,902.3,88.2,99.04,0.96,3.59,13,3.45,3.88,3.63,3.89,3.92
2025-01-19,日本 (JP),検査,夜勤,Bチーム,781,2533.8,89.7,99.19,0.81,3.59,11,3.59,3.59,3.44,3.88,3.39
2025-01-19,拠点A (IN),加工,日勤,Aチーム,892,689.7,90.5,97.83,2.17,2.61,9,2.57,2.8,2.77,2.82,2.75
2025-01-19,拠点A (IN),加工,夜勤,Bチーム,1049,1200.2,86.7,97.45,2.55,2.51,13,2.48,2.76,2.44,2.24,2.27
2025-01-19,拠点A (IN),組立,日勤,Aチーム,1050,1973.4,89.1,98.97,1.03,3.13,6,3.22,2.97,3.21,3.01,2.92
2025-01-19,拠点A (IN),組立,夜勤,Bチーム,805,1272.9,87.6,97.13,2.87,2.41,11,2.22,2.71,2.3,2.14,2.16
2025-01-19,拠点A (IN),検査,日勤,Aチーム,912,590.9,83.9,97.69,2.31,2.56,11,2.68,2.78,2.67,2.66,2.18
2025-01-19,拠点A (IN),検査,夜勤,Bチーム,769,892.0,81.8,98.03,1.97,3.1,14,3.12,3.4,3.25,2.86,3.27
2025-01-19,拠点B (BR),加工,日勤,Aチーム,927,2165.2,84.6,98.18,1.82,2.82,10,3.02,3.09,2.67,2.84,2.57
2025-01-19,拠点B (BR),加工,夜勤,Bチーム,911,2267.9,80.0,98.06,1.94,2.74,7,2.67,2.51,2.92,2.48,2.58
2025-01-19,拠点B (BR),組立,日勤,Aチーム,909,1529.8,84.5,98.57,1.43,2.75,7,2.8,2.52,2.58,2.99,2.5
2025-01-19,拠点B (BR),組立,夜勤,Bチーム,878,1349.1,88.6,98.74,1.26,3.33,9,3.48,3.13,3.47,3.04,3.34
2025-01-19,拠点B (BR),検査,日勤,Aチーム,1134,1490.2,86.1,99.34,0.66,3.45,8,3.56,3.42,3.49,3.57,3.21
2025-01-19,拠点B (BR),検査,夜勤,Bチーム,1060,536.4,89.1,97.68,2.32,2.77,10,2.62,2.71,2.89,2.6,2.52
2025-01-19,拠点C (VN),加工,日勤,Aチーム,826,1053.5,86.7,99.44,0.56,3.53,11,3.49,3.8,3.39,3.69,3.22
2025-01-19,拠点C (VN),加工,夜勤,Bチーム,853,2559.7,86.8,98.15,1.85,3.37,7,3.25,3.16,3.55,3.62,3.68
2025-01-19,拠点C (VN),組立,日勤,Aチーム,1023,663.5,84.0,99.07,0.93,3.08,8,3.1,2.92,3.05,3.36,3.2
2025-01-19,拠点C (VN),組立,夜勤,Bチーム,731,920.7,88.2,97.81,2.19,2.79,5,2.67,2.77,2.78,2.72,2.8
2025-01-19,拠点C (VN),検査,日勤,Aチーム,1002,2242.7,82.2,98.45,1.55,2.78,13,2.82,2.62,2.73,2.53,2.5
2025-01-19,拠点C (VN),検査,夜勤,Bチーム,1017,1407.0,84.0,97.4,2.6,2.42,9,2.45,2.47,2.5,2.26,2.37
2025-01-20,日本 (JP),加工,日勤,Bチーム,844,1722.8,93.7,99.9,0.1,3.87,5,3.82,4.02,3.8,4.14,4.06
2025-01-20,日本 (JP),加工,夜勤,Cチーム,946,1148.8,86.3,99.46,0.54,4.08,14,4.24,4.03,4.01,4.35,4.03
2025-01-20,日本 (JP),組立,日勤,Bチーム,1072,2848.3,90.8,99.75,0.25,4.14,5,4.11,4.02,4.23,4.31,4.4
2025-01-20,日本 (JP),組立,夜勤,Cチーム,745,3465.2,97.3,99.86,0.14,4.58,8,4.7,4.79,4.54,4.31,4.5
2025-01-20,日本 (JP),検査,日勤,Bチーム,1147,2861.6,91.5,99.77,0.23,4.38,8,4.25,4.53,4.39,4.2,4.21
2025-01-20,日本 (JP),検査,夜勤,Cチーム,767,2352.0,91.8,99.9,0.1,4.27,5,4.43,4.29,4.36,4.12,4.23
2025-01-20,拠点A (IN),加工,日勤,Bチーム,1053,2386.4,82.2,98.0,2.0,2.69,6,2.55,2.82,2.73,2.82,2.9
2025-01-20,拠点A (IN),加工,夜勤,Cチーム,937,1744.2,92.6,99.57,0.43,3.76,8,3.61,3.66,3.89,3.82,3.68
2025-01-20,拠点A (IN),組立,日勤,Bチーム,954,2735.7,90.6,98.98,1.02,3.21,11,3.35,3.02,3.18,3.01,3.38
2025-01-20,拠点A (IN),組立,夜勤,Cチーム,716,1543.9,89.0,98.57,1.43,3.1,9,3.2,3.3,3.18,3.36,3.29
2025-01-20,拠点A (IN),検査,日勤,Bチーム,1093,769.7,83.6,98.28,1.72,2.96,11,2.86,2.69,3.05,2.73,2.8
2025-01-20,拠点A (IN),検査,夜勤,Cチーム,1096,1255.4,91.3,97.61,2.39,3.1,14,3.18,3.34,3.13,2.87,2.8
2025-01-20,拠点B (BR),加工,日勤,Bチーム,1066,1488.9,85.5,99.22,0.78,3.38,12,3.29,3.16,3.47,3.57,3.19
2025-01-20,拠点B (BR),加工,夜勤,Cチーム,939,1867.5,80.8,98.37,1.63,3.26,6,3.17,3.3,3.2,3.52,3.6
2025-01-20,拠点B (BR),組立,日勤,Bチーム,1045,1893.4,84.6,98.31,1.69,3.05,10,2.99,3.31,2.86,3.09,3.25
2025-01-20,拠点B (BR),組立,夜勤,Cチーム,1081,2238.2,87.4,97.18,2.82,2.83,12,2.82,3.0,2.93,2.8,3.1
2025-01-20,拠点B (BR),検査,日勤,Bチーム,831,1802.2,83.3,97.75,2.25,2.47,14,2.46,2.65,2.43,2.43,2.38
2025-01-20,拠点B (BR),検査,夜勤,Cチーム,957,962.9,87.9,98.11,1.89,3.18,5,3.14,3.25,3.32,3.09,3.3
2025-01-20,拠点C (VN),加工,日勤,Bチーム,1108,705.6,86.6,97.96,2.04,2.69,8,2.89,2.91,2.72,2.7,2.52
2025-01-20,拠点C (VN),加工,夜勤,Cチーム,1049,1227.5,88.5,97.63,2.37,2.72,11,2.63,2.53,2.56,2.68,2.41
2025-01-20,拠点C (VN),組立,日勤,Bチーム,981,1467.5,85.3,98.3,1.7,2.44,7,2.58,2.48,2.45,2.2,2.05
2025-01-20,拠点C (VN),組立,夜勤,Cチーム,957,1450.9,83.5,98.11,1.89,3.35,11,3.52,3.39,3.2,3.4,3.56
2025-01-20,拠点C (VN),検査,日勤,Bチーム,1129,1444.6,88.6,98.22,1.78,2.77,9,2.7,2.98,2.76,2.87,2.69
2025-01-20,拠点C (VN),検査,夜勤,Cチーム,897,1096.0,85.8,97.71,2.29,2.42,14,2.59,2.71,2.4,2.27,2.37
2025-01-21,日本 (JP),加工,日勤,Cチーム,1161,3474.2,94.7,99.9,0.1,4.6,14,4.73,4.83,4.44,4.62,4.93
2025-01-21,日本 (JP),加工,夜勤,Aチーム,1065,2512.1,90.7,99.12,0.88,3.8,11,3.98,3.91,3.75,4.07,3.62
2025-01-21,日本 (JP),組立,日勤,Cチーム,1055,3100.5,93.0,99.41,0.59,3.93,14,3.74,3.77,3.86,3.87,3.73
2025-01-21,日本 (JP),組立,夜勤,Aチーム,914,1968.1,88.1,98.82,1.18,3.56,9,3.54,3.79,3.44,3.83,3.34
2025-01-21,日本 (JP),検査,日勤,Cチーム,1054,1006.7,95.0,99.89,0.11,3.92,6,4.02,3.76,3.75,3.8,3.9
2025-01-21,日本 (JP),検査,夜勤,Aチーム,1046,1360.0,84.0,99.07,0.93,3.52,7,3.55,3.62,3.33,3.42,3.75
2025-01-21,拠点A (IN),加工,日勤,Cチーム,1014,1150.1,80.6,97.95,2.05,2.62,5,2.69,2.71,2.43,2.54,3.0
2025-01-21,拠点A (IN),加工,夜勤,Aチーム,1079,1758.3,86.7,97.75,2.25,2.93,8,3.11,2.81,2.92,3.09,3.08
2025-01-21,拠点A (IN),組立,日勤,Cチーム,985,747.7,91.3,99.37,0.63,3.8,11,3.98,3.8,3.71,3.78,4.08
2025-01-21,拠点A (IN),組立,夜勤,Aチーム,1055,1695.3,85.3,97.9,2.1,2.76,8,2.95,2.58,2.56,2.5,2.66
2025-01-21,拠点A (IN),検査,日勤,Cチーム,1096,763.7,89.3,99.48,0.52,3.73,9,3.71,3.58,3.67,3.85,3.75
2025-01-21,拠点A (IN),検査,夜勤,Aチーム,729,437.0,86.1,97.45,2.55,2.49,13,2.31,2.2,2.36,2.44,2.84
2025-01-21,拠点B (BR),加工,日勤,Cチーム,940,2125.3,81.7,98.43,1.57,2.99,12,3.14,2.95,3.0,2.97,2.9
2025-01-21,拠点B (BR),加工,夜勤,Aチーム,720,582.9,90.9,98.71,1.29,3.43,12,3.6,3.16,3.45,3.67,3.24
2025-01-21,拠点B (BR),組立,日勤,Cチーム,818,1719.5,86.7,98.51,1.49,3.01,5,3.21,2.74,3.04,2.76,2.73
2025-01-21,拠点B (BR),組立,夜勤,Aチーム,871,2262.6,86.3,98.32,1.68,2.76,6,2.68,3.04,2.94,2.66,2.82
2025-01-21,拠点B (BR),検査,日勤,Cチーム,1057,1109.3,89.7,99.49,0.51,3.66,8,3.76,3.49,3.81,3.94,3.45
2025-01-21,拠点B (BR),検査,夜勤,Aチーム,1024,2423.6,87.8,98.76,1.24,3.42,13,3.49,3.2,3.56,3.61,3.03
2025-01-21,拠点C (VN),加工,日勤,Cチーム,1013,1870.6,88.3,99.16,0.84,3.45,8,3.35,3.29,3.46,3.31,3.06
2025-01-21,拠点C (VN),加工,夜勤,Aチーム,726,1987.8,88.4,98.86,1.14,2.91,6,2.97,3.13,2.81,2.88,3.25
2025-01-21,拠点C (VN),組立,日勤,Cチーム,1192,2350.8,86.6,99.04,0.96,3.12,13,3.02,3.4,3.31,2.97,3.0
2025-01-21,拠点C (VN),組立,夜勤,Aチーム,903,2606.0,89.5,98.42,1.58,3.25,10,3.16,3.03,3.15,3.02,3.51
2025-01-21,拠点C (VN),検査,日勤,Cチーム,1097,1465.1,85.1,97.85,2.15,2.39,11,2.36,2.36,2.43,2.68,2.19
2025-01-21,拠点C (VN),検査,夜勤,Aチーム,818,1076.9,91.4,97.82,2.18,2.95,6,2.99,3.1,2.84,3.16,2.58
2025-01-22,日本 (JP),加工,日勤,Aチーム,1013,698.7,92.8,99.9,0.1,4.6,7,4.43,4.42,4.54,4.67,4.63
2025-01-22,日本 (JP),加工,夜勤,Bチーム,833,818.0,86.5,98.95,1.05,3.46,14,3.27,3.47,3.32,3.68,3.76
2025-01-22,日本 (JP),組立,日勤,Aチーム,975,897.0,89.6,99.9,0.1,4.04,7,3.95,4.05,4.15,4.26,4.32
2025-01-22,日本 (JP),組立,夜勤,Bチーム,1054,2498.9,93.5,99.36,0.64,3.77,13,3.96,3.93,3.66,3.57,4.06
2025-01-22,日本 (JP),検査,日勤,Aチーム,1152,2885.8,98.0,99.55,0.45,4.08,10,4.1,3.94,4.07,3.98,4.14
2025-01-22,日本 (JP),検査,夜勤,Bチーム,861,1593.7,95.9,99.26,0.74,4.46,6,4.63,4.23,4.52,4.19,4.41
2025-01-22,拠点A (IN),加工,日勤,Aチーム,1125,1559.4,82.8,99.12,0.88,3.33,10,3.25,3.57,3.38,3.29,2.96
2025-01-22,拠点A (IN),加工,夜勤,Bチーム,813,2438.4,89.8,98.39,1.61,3.05,11,3.18,2.8,3.2,3.05,2.89
2025-01-22,拠点A (IN),組立,日勤,Aチーム,1157,582.3,86.0,98.56,1.44,2.9,6,3.05,2.91,2.88,2.66,3.02
2025-01-22,拠点A (IN),組立,夜勤,Bチーム,1046,1451.0,92.7,98.69,1.31,3.6,14,3.5,3.38,3.51,3.53,3.96
2025-01-22,拠点A (IN),検査,日勤,Aチーム,1150,2387.0,91.1,98.94,1.06,3.42,10,3.47,3.32,3.61,3.27,3.24
2025-01-22,拠点A (IN),検査,夜勤,Bチーム,922,1688.7,91.3,98.71,1.29,3.7,6,3.52,3.89,3.75,3.78,3.4
2025-01-22,拠点B (BR),加工,日勤,Aチーム,850,677.1,87.9,99.09,0.91,3.28,14,3.1,3.23,3.26,3.53,3.39
2025-01-22,拠点B (BR),加工,夜勤,Bチーム,1025,966.4,85.4,97.81,2.19,2.57,7,2.56,2.48,2.64,2.66,2.74
2025-01-22,拠点B (BR),組立,日勤,Aチーム,922,1496.0,84.7,98.47,1.53,2.7,9,2.56,2.83,2.89,2.99,2.7
2025-01-22,拠点B (BR),組立,夜勤,Bチーム,1017,840.6,93.8,98.58,1.42,3.4,13,3.55,3.25,3.42,3.22,3.09
2025-01-22,拠点B (BR),検査,日勤,Aチーム,1075,2904.7,91.7,99.23,0.77,3.67,14,3.71,3.75,3.68,3.72,3.81
2025-01-22,拠点B (BR),検査,夜勤,Bチーム,1064,991.3,89.1,98.18,1.82,3.23,10,3.41,3.17,3.08,3.24,2.92
2025-01-22,拠点C (VN),加工,日勤,Aチーム,1104,1961.7,86.4,98.0,2.0,2.48,12,2.58,2.59,2.37,2.4,2.18
2025-01-22,拠点C (VN),加工,夜勤,Bチーム,828,1065.5,85.0,96.86,3.14,2.18,13,2.02,2.37,2.21,2.25,2.41
2025-01-22,拠点C (VN),組立,日勤,Aチーム,1167,1625.6,89.1,98.63,1.37,3.18,5,2.99,3.14,3.0,3.46,2.95
2025-01-22,拠点C (VN),組立,夜勤,Bチーム,1000,2759.0,89.5,98.44,1.56,3.1,12,2.96,3.26,3.1,3.35,2.82
2025-01-22,拠点C (VN),検査,日勤,Aチーム,1048,2119.8,86.0,98.9,1.1,3.1,5,3.21,2.99,3.08,3.05,3.49
2025-01-22,拠点C (VN),検査,夜勤,Bチーム,914,2237.6,80.6,97.68,2.32,2.41,11,2.58,2.27,2.57,2.17,2.53
2025-01-23,日本 (JP),加工,日勤,Bチーム,827,2293.7,93.5,99.9,0.1,4.68,5,4.67,4.42,4.81,4.58,4.74
2025-01-23,日本 (JP),加工,夜勤,Cチーム,1006,1222.9,91.0,99.56,0.44,3.97,8,4.11,4.0,3.8,3.81,3.7
2025-01-23,日本 (JP),組立,日勤,Bチーム,899,3026.0,87.8,99.78,0.22,3.66,11,3.47,3.42,3.53,3.62,3.67
2025-01-23,日本 (JP),組立,夜勤,Cチーム,701,2271.1,86.3,99.23,0.77,3.48,5,3.68,3.59,3.38,3.66,3.17
2025-01-23,日本 (JP),検査,日勤,Bチーム,939,1251.1,95.4,99.9,0.1,4.51,11,4.4,4.26,4.54,4.27,4.47
2025-01-23,日本 (JP),検査,夜勤,Cチーム,845,3078.8,98.0,99.9,0.1,4.52,13,4.32,4.32,4.46,4.41,4.76
2025-01-23,拠点A (IN),加工,日勤,Bチーム,971,1224.1,83.5,99.34,0.66,3.52,7,3.48,3.58,3.36,3.23,3.85
2025-01-23,拠点A (IN),加工,夜勤,Cチーム,1052,1358.0,83.3,97.95,2.05,2.7,8,2.87,2.71,2.82,2.49,3.09
2025-01-23,拠点A (IN),組立,日勤,Bチーム,829,2898.6,88.2,99.89,0.11,3.95,7,3.83,3.8,3.78,3.89,3.88
2025-01-23,拠点A (IN),組立,夜勤,Cチーム,862,2613.3,88.1,98.03,1.97,3.07,11,2.98,2.81,2.89,2.84,3.14
2025-01-23,拠点A (IN),検査,日勤,Bチーム,857,1757.1,90.5,99.3,0.7,3.89,14,3.99,3.7,3.84,3.98,3.55
2025-01-23,拠点A (IN),検査,夜勤,Cチーム,725,705.2,86.4,97.87,2.13,2.84,12,2.82,3.02,2.88,3.07,2.77
2025-01-23,拠点B (BR),加工,日勤,Bチーム,884,2491.6,93.3,99.2,0.8,3.21,12,3.02,3.29,3.12,3.18,3.08
2025-01-23,拠点B (BR),加工,夜勤,Cチーム,1066,1429.4,85.3,97.06,2.94,2.36,7,2.5,2.58,2.32,2.52,2.07
2025-01-23,拠点B (BR),組立,日勤,Bチーム,989,1844.7,83.3,97.76,2.24,2.31,6,2.12,2.27,2.4,2.28,2.5
2025-01-23,拠点B (BR),組立,夜勤,Cチーム,711,1259.9,88.6,97.33,2.67,2.45,9,2.43,2.19,2.48,2.51,2.64
2025-01-23,拠点B (BR),検査,日勤,Bチーム,817,1750.4,84.6,98.01,1.99,2.34,9,2.39,2.26,2.54,2.33,2.33
2025-01-23,拠点B (BR),検査,夜勤,Cチーム,771,1323.1,85.6,97.51,2.49,2.95,14,2.78,2.78,2.85,3.15,2.92
2025-01-23,拠点C (VN),加工,日勤,Bチーム,850,1915.6,88.3,98.4,1.6,2.88,11,2.74,3.14,2.87,2.69,2.72
2025-01-23,拠点C (VN),加工,夜勤,Cチーム,925,1124.2,83.0,96.63,3.37,2.07,14,2.04,2.08,1.9,2.36,2.2
2025-01-23,拠点C (VN),組立,日勤,Bチーム,902,678.9,86.0,98.4,1.6,2.6,8,2.78,2.88,2.52,2.59,2.98
2025-01-23,拠点C (VN),組立,夜勤,Cチーム,996,1159.4,82.5,97.17,2.83,2.01,9,1.91,2.3,1.96,2.15,2.15
2025-01-23,拠点C (VN),検査,日勤,Bチーム,1115,679.5,82.1,98.24,1.76,2.5,14,2.67,2.42,2.34,2.62,2.34
2025-01-23,拠点C (VN),検査,夜勤,Cチーム,1033,1519.5,84.3,97.26,2.74,2.38,7,2.43,2.62,2.43,2.16,2.07
2025-01-24,日本 (JP),加工,日勤,Cチーム,843,1042.7,90.0,99.9,0.1,4.6,5,4.76,4.35,4.77,4.79,4.83
2025-01-24,日本 (JP),加工,夜勤,Aチーム,1092,1627.7,90.3,98.65,1.35,3.56,9,3.38,3.35,3.58,3.61,3.68
2025-01-24,日本 (JP),組立,日勤,Cチーム,1158,602.6,89.4,99.01,0.99,3.52,9,3.46,3.79,3.68,3.65,3.78
2025-01-24,日本 (JP),組立,夜勤,Aチーム,725,1080.2,90.2,99.4,0.6,4.17,13,4.03,4.26,4.04,4.39,4.26
2025-01-24,日本 (JP),検査,日勤,Cチーム,1060,2619.9,91.5,99.44,0.56,3.7,10,3.61,3.42,3.55,3.78,4.05
2025-01-24,日本 (JP),検査,夜勤,Aチーム,915,2502.8,90.5,98.59,1.41,3.57,8,3.59,3.32,3.54,3.78,3.85
2025-01-24,拠点A (IN),加工,日勤,Cチーム,1102,952.6,84.4,98.25,1.75,2.65,12,2.74,2.41,2.7,2.56,2.88
2025-01-24,拠点A (IN),加工,夜勤,Aチーム,868,1226.1,87.6,98.06,1.94,2.65,5,2.6,2.6,2.47,2.52,2.61
2025-01-24,拠点A (IN),組立,日勤,Cチーム,878,778.3,85.2,97.86,2.14,2.68,5,2.8,2.94,2.68,2.95,2.7
2025-01-24,拠点A (IN),組立,夜勤,Aチーム,776,2628.6,90.2,97.98,2.02,2.89,5,3.02,2.83,2.82,2.89,2.95
2025-01-24,拠点A (IN),検査,日勤,Cチーム,883,1237.5,90.8,98.45,1.55,2.86,8,3.05,3.02,2.7,3.02,2.59
2025-01-24,拠点A (IN),検査,夜勤,Aチーム,926,1356.5,83.8,97.87,2.13,2.97,12,2.8,2.85,3.04,2.87,2.79
2025-01-24,拠点B (BR),加工,日勤,Cチーム,952,1295.6,85.2,98.63,1.37,2.58,13,2.66,2.29,2.54,2.74,2.45
2025-01-24,拠点B (BR),加工,夜勤,Aチーム,936,1461.7,84.4,97.84,2.16,2.95,14,3.1,2.86,3.03,2.84,3.27
2025-01-24,拠点B (BR),組立,日勤,Cチーム,1055,794.0,81.0,98.0,2.0,2.49,12,2.67,2.78,2.44,2.74,2.53
2025-01-24,拠点B (BR),組立,夜勤,Aチーム,1019,1892.6,88.9,97.2,2.8,2.5,8,2.6,2.52,2.39,2.27,2.41
2025-01-24,拠点B (BR),検査,日勤,Cチーム,886,2982.9,92.3,99.18,0.82,3.56,9,3.44,3.78,3.43,3.44,3.65
2025-01-24,拠点B (BR),検査,夜勤,Aチーム,758,1936.9,88.2,98.37,1.63,3.06,7,3.04,2.97,2.9,3.28,3.28
2025-01-24,拠点C (VN),加工,日勤,Cチーム,1192,703.6,92.4,98.71,1.29,2.44,7,2.26,2.17,2.31,2.15,2.63
2025-01-24,拠点C (VN),加工,夜勤,Aチーム,887,786.1,86.6,98.08,1.92,3.01,6,3.1,3.25,2.84,2.98,2.78
2025-01-24,拠点C (VN),組立,日勤,Cチーム,1042,908.5,90.0,98.99,1.01,2.99,5,3.13,3.0,3.0,3.03,2.73
2025-01-24,拠点C (VN),組立,夜勤,Aチーム,1036,1513.0,79.1,96.97,3.03,2.28,11,2.12,2.21,2.17,1.99,2.16
2025-01-24,拠点C (VN),検査,日勤,Cチーム,1175,2163.1,83.6,97.91,2.09,2.33,10,2.44,2.59,2.4,2.12,2.12
2025-01-24,拠点C (VN),検査,夜勤,Aチーム,861,2274.0,92.5,98.55,1.45,3.18,10,3.08,3.34,3.35,3.17,3.03
2025-01-25,日本 (JP),加工,日勤,Aチーム,1108,3190.0,94.1,99.9,0.1,4.53,9,4.37,4.39,4.53,4.57,4.14
2025-01-25,日本 (JP),加工,夜勤,Bチーム,889,2784.1,87.1,99.9,0.1,4.31,9,4.16,4.61,4.43,4.25,4.38
2025-01-25,日本 (JP),組立,日勤,Aチーム,1049,3016.9,94.4,99.9,0.1,4.68,7,4.74,4.78,4.83,4.92,5.02
2025-01-25,日本 (JP),組立,夜勤,Bチーム,1003,1612.9,89.6,98.11,1.89,3.42,6,3.29,3.24,3.23,3.18,3.47
2025-01-25,日本 (JP),検査,日勤,Aチーム,873,2111.5,90.0,99.9,0.1,4.66,8,4.68,4.73,4.72,4.86,4.43
2025-01-25,日本 (JP),検査,夜勤,Bチーム,804,1971.7,89.4,98.7,1.3,3.46,6,3.28,3.67,3.39,3.7,3.81
2025-01-25,拠点A (IN),加工,日勤,Aチーム,1001,1238.6,95.0,99.38,0.62,3.51,11,3.62,3.58,3.55,3.72,3.54
2025-01-25,拠点A (IN),加工,夜勤,Bチーム,988,1010.2,89.1,98.93,1.07,3.51,12,3.36,3.27,3.52,3.26,3.35
2025-01-25,拠点A (IN),組立,日勤,Aチーム,951,1867.7,85.8,99.04,0.96,3.62,10,3.73,3.58,3.61,3.78,3.52
2025-01-25,拠点A (IN),組立,夜勤,Bチーム,1051,2159.1,82.7,98.5,1.5,2.96,5,3.12,2.96,3.06,2.85,2.84
2025-01-25,拠点A (IN),検査,日勤,Aチーム,996,527.0,88.0,98.9,1.1,2.79,13,2.74,2.54,2.76,2.76,2.93
2025-01-25,拠点A (IN),検査,夜勤,Bチーム,876,577.7,87.2,97.59,2.41,2.77,13,2.86,2.8,2.78,2.62,2.97
2025-01-25,拠点B (BR),加工,日勤,Aチーム,1085,1036.6,81.1,98.11,1.89,2.55,12,2.39,2.66,2.61,2.74,2.81
2025-01-25,拠点B (BR),加工,夜勤,Bチーム,757,1584.4,86.4,98.08,1.92,3.4,11,3.41,3.12,3.43,3.65,3.78
2025-01-25,拠点B (BR),組立,日勤,Aチーム,1174,778.3,87.3,98.53,1.47,3.11,12,3.27,3.14,3.16,2.96,3.35
2025-01-25,拠点B (BR),組立,夜勤,Bチーム,869,1512.7,87.2,98.37,1.63,3.05,9,2.98,3.31,3.21,2.87,2.68
2025-01-25,拠点B (BR),検査,日勤,Aチーム,955,2338.1,91.4,99.02,0.98,3.41,7,3.31,3.39,3.46,3.45,3.61
2025-01-25,拠点B (BR),検査,夜勤,Bチーム,751,1456.7,85.5,97.78,2.22,2.52,5,2.72,2.39,2.52,2.42,2.47
2025-01-25,拠点C (VN),加工,日勤,Aチーム,913,2515.5,89.7,98.86,1.14,3.4,5,3.46,3.41,3.21,3.35,3.24
2025-01-25,拠点C (VN),加工,夜勤,Bチーム,778,985.9,85.4,98.34,1.66,3.05,11,3.02,2.98,3.21,3.2,3.05
2025-01-25,拠点C (VN),組立,日勤,Aチーム,1029,692.4,89.2,99.51,0.49,3.58,13,3.45,3.85,3.69,3.44,3.66
2025-01-25,拠点C (VN),組立,夜勤,Bチーム,832,2496.8,87.3,97.65,2.35,3.01,10,2.92,2.72,3.1,2.73,3.09
2025-01-25,拠点C (VN),検査,日勤,Aチーム,1086,1922.7,88.3,98.55,1.45,2.95,10,3.0,2.68,2.79,2.67,2.95
2025-01-25,拠点C (VN),検査,夜勤,Bチーム,911,1685.1,85.6,97.87,2.13,2.84,5,2.75,2.95,3.02,2.7,3.09
2025-01-26,日本 (JP),加工,日勤,Bチーム,1114,2763.2,89.5,99.52,0.48,3.57,8,3.66,3.4,3.55,3.75,3.61
2025-01-26,日本 (JP),加工,夜勤,Cチーム,1059,2792.0,95.7,99.28,0.72,4.14,9,4.24,4.22,4.09,4.09,4.52
2025-01-26,日本 (JP),組立,日勤,Bチーム,970,1871.1,84.3,99.39,0.61,3.65,5,3.56,3.39,3.73,3.49,3.56
2025-01-26,日本 (JP),組立,夜勤,Cチーム,1090,788.2,93.3,99.21,0.79,3.88,5,4.06,3.94,4.07,4.08,3.51
2025-01-26,日本 (JP),検査,日勤,Bチーム,940,2410.3,87.2,99.9,0.1,4.36,7,4.43,4.09,4.47,4.56,4.6
2025-01-26,日本 (JP),検査,夜勤,Cチーム,1085,2055.5,89.5,99.08,0.92,3.96,13,3.82,3.8,3.85,4.14,3.71
2025-01-26,拠点A (IN),加工,日勤,Bチーム,876,2276.3,88.6,98.25,1.75,2.6,6,2.49,2.37,2.53,2.43,2.94
2025-01-26,拠点A (IN),加工,夜勤,Cチーム,893,2357.1,89.4,99.04,0.96,3.6,8,3.48,3.78,3.79,3.46,3.6
2025-01-26,拠点A (IN),組立,日勤,Bチーム,817,488.1,94.3,98.11,1.89,2.63,5,2.56,2.62,2.55,2.48,2.25
2025-01-26,拠点A (IN),組立,夜勤,Cチーム,844,927.6,84.8,97.58,2.42,2.73,13,2.69,2.83,2.6,2.92,2.42
2025-01-26,拠点A (IN),検査,日勤,Bチーム,966,2699.3,86.6,98.81,1.19,3.48,12,3.64,3.23,3.57,3.74,3.3
2025-01-26,拠点A (IN),検査,夜勤,Cチーム,1052,1395.6,87.0,97.63,2.37,2.86,10,2.69,2.96,2.82,2.84,2.5
2025-01-26,拠点B (BR),加工,日勤,Bチーム,951,1021.6,89.7,98.17,1.83,2.59,7,2.73,2.74,2.5,2.36,2.39
2025-01-26,拠点B (BR),加工,夜勤,Cチーム,756,2366.0,96.2,98.38,1.62,3.48,13,3.49,3.25,3.33,3.5,3.83
2025-01-26,拠点B (BR),組立,日勤,Bチーム,1036,1111.7,87.6,98.21,1.79,2.76,10,2.83,2.78,2.83,2.82,2.7
2025-01-26,拠点B (BR),組立,夜勤,Cチーム,945,966.0,78.8,97.31,2.69,2.4,14,2.51,2.68,2.32,2.14,2.28
2025-01-26,拠点B (BR),検査,日勤,Bチーム,1086,2284.5,87.9,98.71,1.29,3.41,6,3.59,3.16,3.4,3.48,3.22
2025-01-26,拠点B (BR),検査,夜勤,Cチーム,998,2494.4,88.0,98.08,1.92,2.71,10,2.87,2.57,2.67,2.95,3.03
2025-01-26,拠点C (VN),加工,日勤,Bチーム,887,944.1,90.1,98.91,1.09,3.16,12,3.19,3.17,3.02,2.9,3.34
2025-01-26,拠点C (VN),加工,夜勤,Cチーム,912,831.0,84.6,97.5,2.5,2.78,9,2.89,2.68,2.88,2.57,2.49
2025-01-26,拠点C (VN),組立,日勤,Bチーム,823,1996.5,87.9,98.4,1.6,2.68,11,2.83,2.76,2.59,2.72,2.71
2025-01-26,拠点C (VN),組立,夜勤,Cチーム,998,1823.6,85.5,97.85,2.15,2.92,9,2.93,2.86,2.84,3.03,2.68
2025-01-26,拠点C (VN),検査,日勤,Bチーム,841,891.4,92.2,99.09,0.91,3.32,14,3.38,3.23,3.44,3.2,3.38
2025-01-26,拠点C (VN),検査,夜勤,Cチーム,989,553.4,84.4,98.6,1.4,3.04,5,3.16,2.9,2.94,2.88,2.91
2025-01-27,日本 (JP),加工,日勤,Cチーム,1161,901.4,90.6,99.9,0.1,4.15,11,4.11,3.9,4.12,3.99,3.98
2025-01-27,日本 (JP),加工,夜勤,Aチーム,917,3204.9,87.9,99.09,0.91,4.3,12,4.14,4.58,4.43,4.28,4.08
2025-01-27,日本 (JP),組立,日勤,Cチーム,931,3101.8,92.5,99.9,0.1,4.71,6,4.87,4.68,4.57,4.87,4.95
2025-01-27,日本 (JP),組立,夜勤,Aチーム,741,1234.3,93.5,99.32,0.68,4.13,13,3.96,4.43,4.09,4.0,4.18
2025-01-27,日本 (JP),検査,日勤,Cチーム,1174,1818.3,90.0,99.31,0.69,3.9,13,3.81,3.76,3.76,3.69,3.72
2025-01-27,日本 (JP),検査,夜勤,Aチーム,853,2415.1,91.4,99.57,0.43,4.33,9,4.48,4.41,4.2,4.29,4.16
2025-01-27,拠点A (IN),加工,日勤,Cチーム,905,2248.3,89.3,99.25,0.75,3.61,6,3.58,3.64,3.64,3.47,3.53
2025-01-27,拠点A (IN),加工,夜勤,Aチーム,965,2359.6,93.2,99.26,0.74,3.47,5,3.31,3.58,3.37,3.32,3.87
2025-01-27,拠点A (IN),組立,日勤,Cチーム,898,2452.7,89.6,97.78,2.22,2.78,5,2.88,2.74,2.72,2.67,3.0
2025-01-27,拠点A (IN),組立,夜勤,Aチーム,831,2251.6,84.3,97.68,2.32,2.38,10,2.55,2.44,2.5,2.56,2.72
2025-01-27,拠点A (IN),検査,日勤,Cチーム,1149,2131.2,91.9,99.63,0.37,3.66,14,3.51,3.93,3.57,3.87,3.57
2025-01-27,拠点A (IN),検査,夜勤,Aチーム,846,2168.1,87.9,97.9,2.1,2.78,10,2.83,2.58,2.97,3.03,2.52
2025-01-27,拠点B (BR),加工,日勤,Cチーム,867,2382.7,81.0,98.08,1.92,2.48,10,2.31,2.32,2.65,2.73,2.71
2025-01-27,拠点B (BR),加工,夜勤,Aチーム,852,1159.9,79.1,96.73,3.27,2.13,11,1.96,2.37,2.31,1.88,2.15
2025-01-27,拠点B (BR),組立,日勤,Cチーム,943,993.1,84.8,98.66,1.34,2.76,7,2.73,2.89,2.69,2.65,2.58
2025-01-27,拠点B (BR),組立,夜勤,Aチーム,1077,2562.8,82.3,97.9,2.1,2.82,13,2.62,2.56,2.83,3.03,2.42
2025-01-27,拠点B (BR),検査,日勤,Cチーム,968,2587.9,89.1,98.81,1.19,3.7,6,3.84,3.86,3.7,3.47,3.4
2025-01-27,拠点B (BR),検査,夜勤,Aチーム,952,497.5,96.5,98.98,1.02,3.3,12,3.12,3.39,3.21,3.03,3.09
2025-01-27,拠点C (VN),加工,日勤,Cチーム,964,2425.8,91.8,99.0,1.0,3.32,8,3.21,3.2,3.19,3.25,3.65
2025-01-27,拠点C (VN),加工,夜勤,Aチーム,939,2407.5,86.0,97.73,2.27,2.86,8,2.89,2.93,2.68,2.8,2.98
2025-01-27,拠点C (VN),組立,日勤,Cチーム,1132,2464.9,91.0,99.24,0.76,3.18,7,3.16,2.91,3.21,3.11,3.38
2025-01-27,拠点C (VN),組立,夜勤,Aチーム,1067,2277.4,91.8,97.13,2.87,2.43,5,2.53,2.21,2.32,2.66,2.04
2025-01-27,拠点C (VN),検査,日勤,Cチーム,802,2053.6,84.1,99.69,0.31,3.25,8,3.2,3.28,3.32,3.38,3.62
2025-01-27,拠点C (VN),検査,夜勤,Aチーム,714,1145.0,85.6,97.63,2.37,2.74,11,2.88,2.66,2.81,2.73,2.5
2025-01-28,日本 (JP),加工,日勤,Aチーム,1045,1664.1,90.2,99.9,0.1,4.28,13,4.22,4.06,4.35,4.29,4.46
2025-01-28,日本 (JP),加工,夜勤,Bチーム,832,589.0,84.0,99.11,0.89,3.76,13,3.88,3.68,3.9,3.94,3.64
2025-01-28,日本 (JP),組立,日勤,Aチーム,809,646.9,85.8,99.9,0.1,4.4,11,4.45,4.13,4.28,4.6,4.62
2025-01-28,日本 (JP),組立,夜勤,Bチーム,1056,604.4,83.3,98.82,1.18,3.76,8,3.66,3.47,3.62,3.82,3.92
2025-01-28,日本 (JP),検査,日勤,Aチーム,990,1158.3,86.6,99.01,0.99,3.53,12,3.49,3.27,3.62,3.6,3.13
2025-01-28,日本 (JP),検査,夜勤,Bチーム,1064,2801.7,90.6,98.66,1.34,3.31,6,3.51,3.1,3.46,3.17,3.38
2025-01-28,拠点A (IN),加工,日勤,Aチーム,1151,1130.7,86.5,98.84,1.16,3.26,5,3.11,3.23,3.39,3.14,3.23
2025-01-28,拠点A (IN),加工,夜勤,Bチーム,1085,431.9,85.6,97.45,2.55,2.71,5,2.67,2.69,2.52,2.58,2.66
2025-01-28,拠点A (IN),組立,日勤,Aチーム,871,1788.2,87.0,99.74,0.26,3.45,14,3.32,3.37,3.42,3.52,3.11
2025-01-28,拠点A (IN),組立,夜勤,Bチーム,923,2635.8,83.4,98.08,1.92,3.06,5,2.86,2.91,3.02,3.03,2.89
2025-01-28,拠点A (IN),検査,日勤,Aチーム,1013,1245.6,92.7,97.86,2.14,2.55,14,2.38,2.3,2.72,2.66,2.25
2025-01-28,拠点A (IN),検査,夜勤,Bチーム,909,1076.8,87.3,97.55,2.45,2.84,5,3.02,2.73,3.03,3.13,2.59
2025-01-28,拠点B (BR),加工,日勤,Aチーム,809,642.1,85.5,97.69,2.31,2.77,11,2.86,2.6,2.61,2.88,2.5
2025-01-28,拠点B (BR),加工,夜勤,Bチーム,930,1313.0,84.5,98.77,1.23,3.28,11,3.44,3.06,3.3,3.51,3.21
2025-01-28,拠点B (BR),組立,日勤,Aチーム,861,1365.0,86.1,98.68,1.32,3.02,6,2.94,3.0,3.09,2.82,3.01
2025-01-28,拠点B (BR),組立,夜勤,Bチーム,1026,1322.0,90.7,98.25,1.75,3.21,14,3.39,2.99,3.32,3.07,3.55
2025-01-28,拠点B (BR),検査,日勤,Aチーム,1164,831.5,90.6,99.29,0.71,3.38,8,3.44,3.22,3.29,3.57,3.45
2025-01-28,拠点B (BR),検査,夜勤,Bチーム,772,843.8,83.7,97.59,2.41,2.86,6,2.69,3.08,2.86,2.83,2.95
2025-01-28,拠点C (VN),加工,日勤,Aチーム,985,2176.2,85.7,98.58,1.42,3.07,7,3.03,3.22,2.91,3.06,3.47
2025-01-28,拠点C (VN),加工,夜勤,Bチーム,972,1925.8,82.9,98.19,1.81,3.08,8,2.97,3.33,3.12,3.01,3.08
2025-01-28,拠点C (VN),組立,日勤,Aチーム,981,687.5,95.7,98.85,1.15,3.05,11,3.2,2.9,2.94,3.03,2.86
2025-01-28,拠点C (VN),組立,夜勤,Bチーム,801,1681.7,88.1,97.87,2.13,3.03,5,3.2,2.84,2.93,2.97,2.93
2025-01-28,拠点C (VN),検査,日勤,Aチーム,847,765.2,87.7,99.36,0.64,3.31,10,3.17,3.38,3.34,3.44,3.66
2025-01-28,拠点C (VN),検査,夜勤,Bチーム,1041,1666.3,85.9,98.55,1.45,3.28,13,3.3,3.32,3.21,3.31,2.94
2025-01-29,日本 (JP),加工,日勤,Bチーム,955,3125.3,92.0,99.9,0.1,4.49,13,4.54,4.72,4.56,4.45,4.75
2025-01-29,日本 (JP),加工,夜勤,Cチーム,854,1789.6,89.8,99.85,0.15,4.48,11,4.62,4.27,4.6,4.69,4.81
2025-01-29,日本 (JP),組立,日勤,Bチーム,861,2235.2,92.3,99.7,0.3,3.84,14,3.93,3.81,3.75,3.66,3.98
2025-01-29,日本 (JP),組立,夜勤,Cチーム,827,1876.0,84.6,98.6,1.4,3.3,14,3.23,3.58,3.36,3.01,3.24
2025-01-29,日本 (JP),検査,日勤,Bチーム,1056,1320.8,92.7,99.9,0.1,4.64,5,4.67,4.37,4.49,4.71,4.4
2025-01-29,日本 (JP),検査,夜勤,Cチーム,755,3071.3,91.9,99.78,0.22,3.96,9,4.14,3.98,3.78,4.04,4.03
2025-01-29,拠点A (IN),加工,日勤,Bチーム,801,2645.1,94.3,99.9,0.1,3.84,5,3.82,3.71,4.0,3.57,4.17
2025-01-29,拠点A (IN),加工,夜勤,Cチーム,877,550.4,87.2,98.47,1.53,3.55,14,3.56,3.43,3.49,3.29,3.94
2025-01-29,拠点A (IN),組立,日勤,Bチーム,887,983.9,91.2,98.29,1.71,2.56,10,2.45,2.62,2.52,2.38,2.81
2025-01-29,拠点A (IN),組立,夜勤,Cチーム,711,2534.8,90.8,98.95,1.05,3.41,13,3.29,3.15,3.25,3.71,3.64
2025-01-29,拠点A (IN),検査,日勤,Bチーム,1109,2319.0,87.1,99.65,0.35,3.88,5,3.89,3.74,3.86,3.87,4.05
2025-01-29,拠点A (IN),検査,夜勤,Cチーム,831,1937.4,89.5,99.04,0.96,3.71,9,3.58,3.87,3.9,3.98,3.47
2025-01-29,拠点B (BR),加工,日勤,Bチーム,1155,1988.0,94.9,99.46,0.54,3.61,6,3.61,3.54,3.61,3.66,3.36
2025-01-29,拠点B (BR),加工,夜勤,Cチーム,825,1676.5,93.1,98.31,1.69,3.45,13,3.36,3.25,3.4,3.3,3.6
2025-01-29,拠点B (BR),組立,日勤,Bチーム,860,1224.8,88.3,98.53,1.47,3.33,6,3.37,3.2,3.48,3.04,3.2
2025-01-29,拠点B (BR),組立,夜勤,Cチーム,806,901.9,93.9,97.9,2.1,3.18,7,3.03,2.89,3.26,3.06,3.28
2025-01-29,拠点B (BR),検査,日勤,Bチーム,1034,1203.7,75.2,97.89,2.11,2.53,8,2.52,2.43,2.35,2.28,2.47
2025-01-29,拠点B (BR),検査,夜勤,Cチーム,751,1538.6,86.0,98.24,1.76,2.63,8,2.55,2.45,2.48,2.7,2.59
2025-01-29,拠点C (VN),加工,日勤,Bチーム,980,1413.3,86.1,98.24,1.76,2.46,5,2.56,2.2,2.62,2.59,2.24
2025-01-29,拠点C (VN),加工,夜勤,Cチーム,700,2127.8,83.2,96.82,3.18,2.26,13,2.17,2.03,2.31,2.0,1.96
2025-01-29,拠点C (VN),組立,日勤,Bチーム,1140,875.4,84.5,98.34,1.66,3.1,9,3.24,2.92,3.26,3.08,3.24
2025-01-29,拠点C (VN),組立,夜勤,Cチーム,943,2417.8,84.2,97.82,2.18,2.7,5,2.86,2.62,2.65,2.63,2.97
2025-01-29,拠点C (VN),検査,日勤,Bチーム,1084,2648.6,90.7,99.2,0.8,3.11,10,3.03,2.82,3.14,3.23,3.39
2025-01-29,拠点C (VN),検査,夜勤,Cチーム,886,1777.9,83.8,97.2,2.8,2.2,8,2.05,2.16,2.19,2.14,2.34
2025-01-30,日本 (JP),加工,日勤,Cチーム,1126,1075.0,92.6,99.83,0.17,4.05,11,4.07,4.26,3.88,3.79,4.33
2025-01-30,日本 (JP),加工,夜勤,Aチーム,820,1746.4,95.3,98.64,1.36,3.58,10,3.6,3.84,3.54,3.47,3.66
2025-01-30,日本 (JP),組立,日勤,Cチーム,841,634.6,95.0,99.9,0.1,4.71,5,4.82,4.44,4.66,4.71,4.76
2025-01-30,日本 (JP),組立,夜勤,Aチーム,941,1042.5,87.2,99.23,0.77,4.25,13,4.3,4.1,4.08,4.02,4.03
2025-01-30,日本 (JP),検査,日勤,Cチーム,966,3312.2,94.1,99.83,0.17,4.15,8,4.28,4.35,4.07,4.38,4.37
2025-01-30,日本 (JP),検査,夜勤,Aチーム,895,3095.9,89.6,99.58,0.42,3.84,8,3.92,4.11,3.81,3.94,3.82
2025-01-30,拠点A (IN),加工,日勤,Cチーム,972,497.6,88.1,99.54,0.46,3.45,10,3.48,3.64,3.26,3.52,3.33
2025-01-30,拠点A (IN),加工,夜勤,Aチーム,1027,1773.6,82.6,98.27,1.73,2.74,10,2.83,2.5,2.92,2.81,2.9
2025-01-30,拠点A (IN),組立,日勤,Cチーム,1147,2645.1,85.4,98.96,1.04,2.95,8,3.04,2.87,3.04,3.05,3.11
2025-01-30,拠点A (IN),組立,夜勤,Aチーム,824,1492.5,85.5,98.53,1.47,3.03,5,2.86,2.85,3.17,3.17,3.35
2025-01-30,拠点A (IN),検査,日勤,Cチーム,1137,993.1,82.0,97.93,2.07,2.68,9,2.6,2.93,2.81,2.88,2.89
2025-01-30,拠点A (IN),検査,夜勤,Aチーム,1018,2962.2,93.3,98.72,1.28,3.62,10,3.61,3.34,3.68,3.35,3.96
2025-01-30,拠点B (BR),加工,日勤,Cチーム,1067,2847.7,86.9,99.32,0.68,3.74,7,3.82,3.75,3.8,3.98,3.69
2025-01-30,拠点B (BR),加工,夜勤,Aチーム,716,2746.2,93.8,98.66,1.34,3.45,7,3.59,3.68,3.62,3.21,3.15
2025-01-30,拠点B (BR),組立,日勤,Cチーム,1028,756.5,86.3,98.8,1.2,3.14,10,3.21,3.14,3.02,3.03,3.21
2025-01-30,拠点B (BR),組立,夜勤,Aチーム,967,2081.9,86.0,96.97,3.03,2.21,9,2.28,2.19,2.27,1.93,2.31
2025-01-30,拠点B (BR),検査,日勤,Cチーム,888,2421.8,88.9,99.83,0.17,3.47,9,3.54,3.69,3.4,3.63,3.52
2025-01-30,拠点B (BR),検査,夜勤,Aチーム,853,900.2,97.1,98.08,1.92,3.42,5,3.61,3.17,3.25,3.69,3.45
2025-01-30,拠点C (VN),加工,日勤,Cチーム,1158,1230.5,87.1,98.95,1.05,3.06,5,3.11,3.19,3.09,3.2,2.77
2025-01-30,拠点C (VN),加工,夜勤,Aチーム,934,1066.4,88.6,98.69,1.31,3.24,14,3.39,3.09,3.32,3.0,2.86
2025-01-30,拠点C (VN),組立,日勤,Cチーム,1138,1063.7,88.9,98.29,1.71,2.98,10,3.09,3.01,3.12,2.7,2.88
2025-01-30,拠点C (VN),組立,夜勤,Aチーム,864,1187.9,84.0,97.53,2.47,2.33,10,2.5,2.29,2.53,2.36,2.68
2025-01-30,拠点C (VN),検査,日勤,Cチーム,839,1537.1,84.6,97.53,2.47,2.21,11,2.18,2.47,2.22,2.22,1.92
2025-01-30,拠点C (VN),検査,夜勤,Aチーム,758,2065.7,83.7,96.69,3.31,2.0,12,1.83,2.06,1.87,2.14,1.84
